relKeyword,monthlyPcQcCnt,monthlyMobileQcCnt,monthlyTotalQcCnt,monthlyAvePcClkCnt,monthlyAveMobileClkCnt,monthlyAvePcCtr,monthlyAveMobileCtr,plAvgDepth,compIdx,sourceSeeds
형사전문변호사,5590,7100,12690,9.7,32.2,0.19,0.48,10,높음,모욕죄 변호사
이혼서류,3150,8780,11930,3.4,42,0.12,0.52,10,높음,재산분할 변호사
대구변호사,2690,7970,10660,6.4,27,0.27,0.37,10,높음,창원 변호사
부산이혼전문변호사,4030,6390,10420,4.8,42,0.14,0.69,10,높음,창원 이혼 변호사
명예훼손,2230,8180,10410,1.9,27,0.09,0.36,10,높음,사이버 명예훼손 변호사 | 모욕죄 변호사
형사소송법,5620,4750,10370,2.1,8.8,0.04,0.2,10,높음,모욕죄 변호사
사실적시명예훼손,1900,7960,9860,0.6,14.4,0.04,0.2,10,높음,사이버 명예훼손 변호사 | 모욕죄 변호사
부산형사전문변호사,2470,6070,8540,0.4,10.8,0.02,0.19,10,높음,창원 형사전문변호사 | 창원 음주운전 변호사 | 창원 형사 변호사 | 창원 변호사
부산변호사,2890,5440,8330,3.6,27.4,0.14,0.53,10,높음,창원 성범죄 변호사 | 창원 형사전문변호사 | 창원 형사 변호사 | 창원 변호사
상속재산분할,1580,6700,8280,3.5,79.2,0.24,1.28,10,높음,재산분할 변호사
마약전문변호사,1570,6670,8240,2.3,13.6,0.16,0.22,10,높음,마약 변호사
인천변호사,2060,5750,7810,1.5,14,0.08,0.26,10,높음,창원 변호사
사실혼,2350,5310,7660,0.4,9,0.02,0.18,10,높음,재산분할 변호사
수원변호사,2790,4830,7620,4.9,22.8,0.19,0.5,10,높음,창원 변호사
합의이혼서류,2090,5200,7290,3.1,66.4,0.17,1.37,10,높음,재산분할 변호사
모욕죄,1240,5450,6690,1.3,27.2,0.12,0.53,10,높음,사이버 명예훼손 변호사 | 모욕죄 변호사
이혼재산분할,2370,3870,6240,1.4,23.4,0.07,0.65,10,높음,재산분할 변호사
대전변호사,1950,4210,6160,4.2,28.2,0.23,0.7,10,높음,창원 변호사
상속재산분할협의서,2880,3230,6110,2.6,14.6,0.1,0.49,10,높음,재산분할 변호사
이혼절차,1670,4420,6090,1.7,30.6,0.12,0.76,10,높음,재산분할 변호사
모욕죄성립요건,960,5070,6030,4.9,96,0.55,2,10,높음,사이버 명예훼손 변호사 | 모욕죄 변호사
명예훼손죄,840,4870,5710,3.5,57.2,0.44,1.25,10,높음,사이버 명예훼손 변호사 | 모욕죄 변호사
대구이혼전문변호사,3160,2350,5510,2,24.8,0.07,1.14,10,높음,창원 이혼 변호사
사실혼기준,1450,3710,5160,1.9,34,0.15,0.98,7,높음,재산분할 변호사
인천형사전문변호사,1770,3380,5150,1.6,5.8,0.1,0.18,10,높음,창원 형사전문변호사 | 창원 형사 변호사
인천이혼전문변호사,3020,2120,5140,1.4,14.4,0.06,0.71,10,높음,창원 이혼 변호사
장애인복지법,3620,1240,4860,0.9,5.8,0.03,0.5,10,높음,모욕죄 변호사
수원이혼전문변호사,3010,1680,4690,3.4,28.2,0.13,1.78,10,높음,창원 이혼 변호사
부산이혼변호사,740,3740,4480,0.9,19.8,0.13,0.57,10,높음,창원 이혼 변호사
울산변호사,1380,3090,4470,3.1,16.6,0.25,0.56,10,높음,창원 변호사
의부증,550,3820,4370,0,3.8,0,0.11,10,높음,재산분할 변호사
황혼이혼,2040,2190,4230,1.3,13.4,0.08,0.67,10,높음,재산분할 변호사
마약변호사,1040,3150,4190,1.5,10.8,0.16,0.36,10,높음,마약 변호사
서울이혼전문변호사,2740,1280,4020,0.8,4.8,0.04,0.4,10,높음,창원 이혼 변호사
대전이혼전문변호사,2000,1940,3940,1.2,19.8,0.07,1.1,10,높음,창원 이혼 변호사
제주변호사,830,3090,3920,1.5,12,0.21,0.41,10,높음,창원 변호사
수원형사변호사,1290,2570,3860,0.2,3.4,0.02,0.15,10,높음,창원 형사전문변호사 | 창원 형사 변호사
남양주변호사,1650,2190,3840,0.9,8,0.07,0.39,10,높음,창원 변호사
수원형사전문변호사,1980,1800,3780,0.7,7.6,0.04,0.43,10,높음,창원 형사전문변호사 | 창원 형사 변호사
정보통신망법,2220,1450,3670,0.4,2.6,0.02,0.2,10,높음,사이버 명예훼손 변호사 | 모욕죄 변호사
합의이혼재산분할,1260,2400,3660,2,27.2,0.19,1.22,10,높음,재산분할 변호사
물환경보전법,3050,480,3530,0.9,1.3,0.03,0.27,7,높음,마약 변호사
이혼서류양식,1100,2390,3490,5.2,17,0.51,0.78,10,높음,재산분할 변호사
창원변호사,1900,1530,3430,2.6,19.2,0.15,1.36,10,높음,창원 검사출신 변호사 | 창원 형사전문변호사 | 창원 음주운전 변호사 | 창원 이혼 변호사 | 창원 형사 변호사 | 창원 변호사
명예훼손성립요건,700,2730,3430,1.6,29.8,0.24,1.16,10,높음,사이버 명예훼손 변호사 | 모욕죄 변호사
사실혼재산분할,1350,2070,3420,1.8,46.8,0.16,2.41,10,높음,재산분할 변호사
천안변호사,1100,2260,3360,0.9,16,0.09,0.75,10,높음,창원 변호사
사실혼관계증명서,1580,1660,3240,1.3,12,0.1,0.78,10,높음,재산분할 변호사
허위사실유포죄,530,2670,3200,2.2,31.6,0.44,1.25,10,높음,사이버 명예훼손 변호사 | 모욕죄 변호사
이혼시재산분할,1510,1640,3150,0.5,24.6,0.04,1.6,10,높음,재산분할 변호사
광주변호사,1060,2070,3130,1.4,12.2,0.14,0.63,10,높음,창원 변호사
화학물질관리법,2720,380,3100,0.7,2.8,0.03,0.77,10,높음,마약 변호사
부산형사변호사,910,2150,3060,0.4,6.6,0.05,0.33,10,높음,창원 성범죄 변호사 | 창원 형사전문변호사 | 창원 형사 변호사 | 창원 변호사
협의이혼신청서,980,2030,3010,2.4,12.6,0.27,0.67,10,높음,재산분할 변호사
제주성범죄변호사,50,2920,2970,0,1.4,0,0.06,10,높음,창원 성범죄 변호사
인천이혼변호사,1520,1430,2950,1.4,16.2,0.1,1.18,10,높음,창원 이혼 변호사
모욕,470,2480,2950,0,2.6,0,0.12,10,높음,사이버 명예훼손 변호사 | 모욕죄 변호사
수원음주운전변호사,1610,1330,2940,0.1,1.2,0.01,0.1,10,높음,창원 음주운전 변호사
위험물안전관리법,2390,520,2910,0.6,0.5,0.03,0.1,10,높음,마약 변호사
대전형사전문변호사,970,1920,2890,1,5.2,0.12,0.29,10,높음,창원 형사전문변호사 | 창원 형사 변호사
부천변호사,910,1960,2870,1.4,11,0.17,0.6,10,높음,창원 변호사
의정부이혼전문변호사,1660,1130,2790,0.7,6.8,0.05,0.65,10,높음,창원 이혼 변호사
대구성범죄변호사,2350,430,2780,0.4,6.4,0.02,1.53,10,높음,창원 성범죄 변호사
청주이혼변호사,1840,940,2780,1,9,0.06,1.04,10,높음,창원 이혼 변호사
고양변호사,310,2410,2720,0.2,0.6,0.07,0.03,10,높음,창원 변호사
안산변호사,600,2110,2710,1.4,12.4,0.25,0.63,10,높음,창원 변호사
창원이혼전문변호사,1440,1260,2700,0.4,16.8,0.03,1.42,10,높음,창원 이혼 변호사 | 창원 변호사
유책배우자,1000,1690,2690,0.5,10.6,0.06,0.66,10,높음,재산분할 변호사
사이버폭력사례,1400,1260,2660,1.8,9,0.13,0.72,10,높음,사이버 명예훼손 변호사 | 모욕죄 변호사
도박중독,650,1970,2620,0.5,3.6,0.09,0.2,10,높음,마약 변호사
상속재산분할협의서양식,1440,1180,2620,2.8,7.4,0.21,0.67,10,높음,재산분할 변호사
수원이혼변호사,1350,1190,2540,1.9,14.6,0.15,1.32,10,높음,창원 이혼 변호사
부산성범죄변호사,1030,1440,2470,1.9,8.2,0.2,0.61,10,높음,창원 성범죄 변호사
풍기문란,450,1980,2430,0,0,0,0,7,높음,창원 성범죄 변호사
마약검사,520,1900,2420,0,3.6,0,0.2,10,높음,마약 변호사
대구이혼변호사,1020,1330,2350,2,12.2,0.22,0.97,10,높음,창원 이혼 변호사
성남변호사,490,1820,2310,0.5,2.6,0.11,0.16,10,높음,창원 변호사
협의이혼재산분할,1110,1190,2300,0.8,11.2,0.09,1,10,높음,재산분할 변호사
인천성범죄변호사,1380,910,2290,0.1,4.6,0.01,0.51,10,높음,창원 성범죄 변호사
협의이혼의사확인신청서,1500,760,2260,1.9,1,0.14,0.15,10,높음,재산분할 변호사
평택변호사,800,1450,2250,3,16.4,0.44,1.18,10,높음,창원 변호사
사실혼관계,1130,1070,2200,0,7.4,0,0.73,10,높음,재산분할 변호사
이혼합의서양식,1260,930,2190,5,11,0.46,1.29,10,높음,재산분할 변호사
황혼이혼재산분할,1070,1110,2180,0.6,6.6,0.07,0.64,10,높음,재산분할 변호사
위자료,460,1670,2130,0.1,2.8,0.03,0.18,10,높음,재산분할 변호사
서초변호사,820,1300,2120,0.1,2.4,0.02,0.19,10,높음,창원 변호사
청주이혼전문변호사,1130,950,2080,1.5,6.8,0.16,0.76,10,높음,창원 이혼 변호사
구미변호사,1180,890,2070,0.5,9.2,0.05,1.06,10,높음,창원 변호사
울산이혼전문변호사,660,1380,2040,0.1,11.6,0.02,0.91,10,높음,창원 이혼 변호사 | 창원 변호사
불기소,620,1410,2030,0.1,3.4,0.03,0.25,7,높음,사이버 명예훼손 변호사 | 모욕죄 변호사
인천음주운전변호사,1180,840,2020,0.4,7.6,0.04,0.97,10,높음,창원 음주운전 변호사
협의이혼서류양식,800,1210,2010,2.3,7.4,0.31,0.65,10,높음,재산분할 변호사
부천이혼전문변호사,1150,850,2000,0,3,0,0.38,10,높음,창원 이혼 변호사
친권포기,980,1020,2000,0,4.6,0,0.49,10,높음,재산분할 변호사
국민체육진흥법,1330,650,1980,0.5,1.6,0.04,0.25,10,높음,마약 변호사
재산분할,1330,640,1970,1.1,4.8,0.1,0.81,10,높음,재산분할 변호사
재산분할소송,1380,590,1970,0.5,2.2,0.05,0.38,10,높음,재산분할 변호사
양육권소송,990,980,1970,0.1,4.2,0.02,0.44,10,높음,재산분할 변호사
의정부변호사,930,1010,1940,2.6,12.4,0.31,1.28,10,높음,창원 변호사
청주변호사,760,1170,1930,1.4,23.6,0.2,2.1,10,높음,창원 변호사
광주이혼전문변호사,800,1120,1920,1.2,20.4,0.16,1.95,10,높음,창원 이혼 변호사
대전음주운전변호사,590,1320,1910,0.3,2.4,0.06,0.2,10,높음,창원 음주운전 변호사
대구형사변호사,1440,460,1900,1.2,4.6,0.09,1.01,10,높음,모욕죄 변호사
이혼하는법,890,1000,1890,0.3,5.2,0.05,0.58,10,높음,재산분할 변호사
천안이혼전문변호사,1330,540,1870,0.3,5.2,0.03,1.03,10,높음,창원 이혼 변호사
강남변호사,910,960,1870,3.5,4,0.44,0.43,10,높음,창원 변호사
이혼소송변호사비용,1470,350,1820,0.2,6,0.02,1.73,10,높음,재산분할 변호사
이혼양육권,1300,520,1820,0,2.6,0,0.55,10,높음,재산분할 변호사
수원법무법인,600,1220,1820,2.6,6.4,0.49,0.57,10,높음,창원 변호사
양육비지급기간,200,1610,1810,0.9,25.2,0.44,1.64,7,높음,재산분할 변호사
사실혼이혼,990,810,1800,0.8,5.6,0.1,0.73,10,높음,재산분할 변호사
이혼신청서,540,1250,1790,0.4,3.4,0.08,0.3,10,높음,재산분할 변호사
순천변호사,550,1240,1790,1.8,8.6,0.39,0.71,10,높음,창원 변호사
합의이혼기간,910,870,1780,0.3,11.2,0.04,1.4,10,높음,재산분할 변호사
이혼소송기간,1030,700,1730,0.3,10.4,0.04,1.6,10,높음,재산분할 변호사
서울변호사,880,850,1730,0.7,6.2,0.09,0.76,10,높음,창원 변호사
대전이혼변호사,460,1260,1720,1.5,10.8,0.35,0.9,10,높음,창원 이혼 변호사
전주변호사,570,1120,1690,2,15.4,0.38,1.46,10,높음,창원 변호사
일산이혼전문변호사,1150,490,1640,0.5,5.2,0.05,1.1,10,높음,창원 이혼 변호사
대구음주운전변호사,990,640,1630,0.6,11.6,0.07,1.83,10,높음,창원 음주운전 변호사
위장전입처벌,330,1290,1620,0.7,14.2,0.23,1.17,7,높음,사이버 명예훼손 변호사 | 모욕죄 변호사
이혼소장,980,640,1620,0.2,5,0.03,0.84,10,높음,재산분할 변호사
양육권,960,630,1590,0,4.2,0,0.72,10,높음,재산분할 변호사
이혼소송재산분할,1010,530,1540,0.8,9,0.09,1.79,10,높음,재산분할 변호사
부산동부지원,570,960,1530,0.3,1.7,0.14,0.48,4,중간,창원 이혼 변호사
이혼하는방법,880,650,1530,0.5,8.2,0.07,1.33,10,높음,재산분할 변호사
부산성범죄전문변호사,840,680,1520,1,1.4,0.14,0.22,10,높음,창원 성범죄 변호사
광주이혼변호사,550,970,1520,0.6,8.6,0.12,0.96,10,높음,창원 이혼 변호사
모욕죄벌금,160,1360,1520,0.5,26.2,0.32,2.03,10,높음,사이버 명예훼손 변호사 | 모욕죄 변호사
진주변호사,600,910,1510,0.5,3.8,0.1,0.44,10,높음,창원 형사전문변호사 | 창원 형사 변호사 | 창원 변호사
허위사실명예훼손,290,1200,1490,1,9.8,0.36,0.87,10,높음,사이버 명예훼손 변호사 | 모욕죄 변호사
이혼후재산분할,1090,380,1470,0.1,3.8,0.02,1.13,10,높음,재산분할 변호사
남양주이혼전문변호사,1180,280,1460,0.1,3.6,0.01,1.66,10,높음,창원 이혼 변호사
이혼사유종류,870,590,1460,0.2,11.4,0.03,2.02,10,높음,재산분할 변호사
세종시변호사,260,1190,1450,0.9,5,0.38,0.47,10,높음,창원 변호사
이혼조정,820,610,1430,1.2,4.8,0.17,0.82,10,높음,재산분할 변호사
부산음주운전변호사,670,740,1410,0.2,11.8,0.04,1.6,10,높음,창원 음주운전 변호사
이혼조정신청,950,430,1380,0.7,5.2,0.09,1.31,10,높음,재산분할 변호사
인천강제추행변호사,910,460,1370,0.3,1.4,0.04,0.31,7,높음,창원 성범죄 변호사
울산이혼변호사,250,1090,1340,1.5,13.6,0.61,1.33,10,높음,창원 이혼 변호사 | 창원 변호사
양육비계산,870,470,1340,1.1,2.8,0.15,0.65,10,높음,재산분할 변호사
강요,300,1020,1320,0,0,0,0,0,낮음,모욕죄 변호사
교제폭력,390,930,1320,0.3,1.9,0.08,0.22,7,높음,모욕죄 변호사
안양변호사,510,800,1310,1.1,5.2,0.27,0.68,10,높음,창원 변호사
유책배우자재산분할,1100,160,1260,0.1,1.2,0.02,0.77,10,높음,재산분할 변호사
인천형사변호사,500,750,1250,1.1,2.2,0.24,0.3,10,높음,창원 형사전문변호사 | 창원 형사 변호사
춘천변호사,420,830,1250,1.9,11.6,0.51,1.45,10,높음,창원 변호사
소송이혼,870,370,1240,0,3.6,0,1.07,10,높음,재산분할 변호사
협의이혼시재산분할,880,350,1230,0.4,4.2,0.06,1.24,10,높음,재산분할 변호사
평택형사전문변호사,610,610,1220,0.3,2.4,0.06,0.44,10,높음,창원 형사전문변호사 | 창원 형사 변호사
이혼후양육비,840,380,1220,0,1.2,0,0.35,10,높음,재산분할 변호사
명예훼손벌금,220,990,1210,0.5,8.4,0.24,0.89,10,높음,사이버 명예훼손 변호사 | 모욕죄 변호사
대구성범죄전문변호사,270,930,1200,0,1.8,0,0.21,10,높음,창원 성범죄 변호사
이혼소송서류,880,320,1200,0.1,6.6,0.02,2.2,10,높음,재산분할 변호사
모욕죄처벌,150,1030,1180,0.3,17,0.2,1.71,10,높음,사이버 명예훼손 변호사 | 모욕죄 변호사
외도이혼,1010,150,1160,0,0.4,0,0.32,10,높음,재산분할 변호사
이혼비용,800,360,1160,0.2,8,0.03,2.47,10,높음,재산분할 변호사
국제결혼이혼,880,260,1140,1.1,5.4,0.15,2.34,10,높음,재산분할 변호사
부산이혼소송변호사,980,140,1120,0.2,5.6,0.03,4.15,10,높음,창원 이혼 변호사
인천이혼소송변호사,1060,60,1120,0.6,0.4,0.07,0.68,10,높음,창원 이혼 변호사
사실혼위자료,910,210,1120,0,1.6,0,0.84,10,높음,재산분할 변호사
이혼신청,830,280,1110,0.2,1,0.03,0.39,10,높음,재산분할 변호사
이혼법률사무소,910,200,1110,0.5,5.2,0.07,2.67,10,높음,재산분할 변호사
창원형사전문변호사,820,280,1100,0.3,8.2,0.04,2.89,10,높음,창원 검사출신 변호사 | 창원 형사전문변호사 | 창원 음주운전 변호사 | 창원 이혼 변호사 | 창원 형사 변호사 | 창원 변호사
이혼상담소,830,270,1100,0,2.6,0,0.99,7,높음,재산분할 변호사
부산법무법인,540,560,1100,3.6,17.6,0.69,3.28,10,높음,창원 변호사
목포변호사,410,690,1100,0.3,5.8,0.1,0.86,10,높음,창원 변호사
인천법무법인,230,870,1100,1.9,8.4,0.9,1.02,10,높음,창원 변호사
수원음주운전전문변호사,460,630,1090,0,1.4,0,0.23,10,높음,창원 음주운전 변호사
세종이혼전문변호사,890,180,1070,0.3,1.6,0.04,0.95,7,높음,창원 이혼 변호사
대구이혼소송변호사,970,90,1060,0.8,5,0.1,5.44,10,높음,창원 이혼 변호사
재산분할기여도,1020,40,1060,0,0.5,0,1.06,10,높음,재산분할 변호사
대전이혼소송변호사,960,90,1050,0.1,0.2,0.02,0.23,10,높음,창원 이혼 변호사
부산상간녀소송,940,100,1040,0.2,1.8,0.03,1.72,10,높음,창원 이혼 변호사
재산분할협의서,910,130,1040,0.1,0.8,0.02,0.64,10,높음,재산분할 변호사
조정이혼비용,850,190,1040,0,5,0,2.72,10,높음,재산분할 변호사
이혼상담비용,840,190,1030,0.5,7.4,0.07,4.16,10,높음,재산분할 변호사
이혼변호사선임비용,940,80,1020,0,2.2,0,2.53,7,높음,창원 이혼 변호사 | 재산분할 변호사
강제조정,890,130,1020,0,1,0,0.77,10,높음,재산분할 변호사
이혼소송상담,910,110,1020,0.2,2.8,0.03,2.46,10,높음,재산분할 변호사
이혼귀책사유,800,220,1020,0.1,3,0.02,1.42,10,높음,재산분할 변호사
동탄이혼변호사,910,100,1010,0.2,5,0.03,5.27,10,높음,창원 이혼 변호사
명예회손고소,160,820,980,0.6,8.6,0.39,1.09,10,높음,사이버 명예훼손 변호사 | 모욕죄 변호사
실화죄,180,800,980,0,2.6,0,0.34,7,높음,모욕죄 변호사
양육비청구,850,130,980,0,2.4,0,1.84,10,높음,재산분할 변호사
이혼유책사유,840,140,980,0,0,0,0,7,높음,재산분할 변호사
형사법,300,670,970,0.4,1.8,0.14,0.28,10,높음,모욕죄 변호사
재판이혼소송비용,830,140,970,0,5,0,3.85,10,높음,재산분할 변호사
이혼소송전문변호사,910,60,970,0,2,0,3.58,10,높음,재산분할 변호사
이혼소송답변서,880,90,970,0.1,1.2,0.02,1.41,7,높음,재산분할 변호사
양육권친권,850,120,970,0,0.2,0,0.17,10,높음,재산분할 변호사
인천성추행변호사,480,480,960,0,1.8,0,0.37,7,높음,창원 성범죄 변호사
이혼상담변호사,880,80,960,0,4,0,5.07,10,높음,창원 이혼 변호사
재산분할변호사,840,120,960,0.2,4,0.03,3.39,10,높음,재산분할 변호사
이혼합의서,350,610,960,1.1,2.6,0.34,0.47,10,높음,재산분할 변호사
마약류관리법,480,470,950,0,0.2,0,0.05,10,높음,마약 변호사
재판상이혼,850,90,940,0,0.4,0,0.45,10,높음,재산분할 변호사
협의이혼변호사,820,120,940,0,1.8,0,1.56,10,높음,재산분할 변호사
파혼위자료,820,110,930,0.2,0.4,0.03,0.36,10,높음,재산분할 변호사
청주법무법인,800,130,930,1.6,3.2,0.22,2.52,10,높음,창원 변호사
사실이혼,850,70,920,0,1.2,0,1.67,7,높음,재산분할 변호사
협의이혼비용,820,100,920,0.1,2.8,0.02,2.89,10,높음,재산분할 변호사
이혼하려면,840,70,910,0,0.6,0,0.84,10,높음,재산분할 변호사
마약류관리에관한법률,580,320,900,0.1,0.2,0.02,0.07,10,높음,마약 변호사
명예훼손고소,180,720,900,1,5.4,0.55,0.79,10,높음,사이버 명예훼손 변호사 | 모욕죄 변호사
유책배우자양육권,820,80,900,0,0,0,0,3,높음,재산분할 변호사
이혼법무법인,860,40,900,1.1,2.4,0.16,5.11,10,높음,재산분할 변호사
양육비증액소송,830,70,900,0,0.6,0,0.84,10,높음,재산분할 변호사
이혼상담전화,810,80,890,0.6,3,0.09,3.71,10,높음,창원 이혼 변호사
사실혼소송,840,50,890,0,0.6,0,1.18,10,높음,재산분할 변호사
이혼소장답변서,840,50,890,0,0.6,0,1.23,7,높음,재산분할 변호사
이혼법무사,790,100,890,0.1,3.2,0.02,3.41,10,높음,재산분할 변호사
인천성범죄전문변호사,380,490,870,0,0.8,0,0.17,10,높음,창원 성범죄 변호사
사실혼이혼소송,810,60,870,0,0.7,0,1.19,7,높음,재산분할 변호사
합의이혼변호사,820,50,870,0.3,1,0.05,2,7,높음,재산분할 변호사
이혼소송기각,820,50,870,0,1.6,0,3.27,10,높음,재산분할 변호사
유책배우자소송,830,40,870,0,0.9,0,2.32,7,높음,재산분할 변호사
양육비변호사,800,70,870,0.4,5.4,0.06,7.2,10,높음,재산분할 변호사
외국인이혼,800,60,860,0.1,0.6,0.02,0.99,10,높음,재산분할 변호사
국제이혼변호사,810,50,860,0,4.6,0,9.2,10,높음,재산분할 변호사
광주상간녀소송,830,20,850,0,0.8,0,3.08,10,높음,창원 이혼 변호사
불륜이혼,740,110,850,0,0,0,0,3,높음,재산분할 변호사
합의이혼상담,820,20,840,0.3,0.4,0.05,1.6,7,높음,재산분할 변호사
양육비상담,770,70,840,0,4.4,0,6.48,10,높음,재산분할 변호사
여성의전화,350,480,830,0,0,0,0,2,중간,창원 형사전문변호사 | 창원 음주운전 변호사 | 창원 형사 변호사 | 창원 변호사
전주이혼변호사,240,590,830,0.7,5.2,0.31,0.96,10,높음,창원 이혼 변호사
정보통신망법명예훼손,260,570,830,0.6,4.4,0.23,0.82,7,높음,사이버 명예훼손 변호사 | 모욕죄 변호사
이혼무효소송,790,40,830,0,0.2,0,0.57,10,높음,재산분할 변호사
이혼로펌,790,40,830,0,0.6,0,1.34,10,높음,재산분할 변호사
재산분할상담,790,30,820,0,0.8,0,2.67,7,높음,재산분할 변호사
이혼재산분할합의서,810,10,820,0,0,0,0,7,높음,재산분할 변호사
이혼변호사선임,800,20,820,0.1,0.4,0.03,1.91,7,높음,재산분할 변호사
이혼전담변호사,810,< 10,820,0.1,1.2,0.03,17.15,7,높음,재산분할 변호사
이혼전문변호,790,30,820,0,0.6,0,2,7,높음,재산분할 변호사
가출이혼,780,40,820,0,0.2,0,0.55,10,높음,재산분할 변호사
이승혜변호사,160,650,810,0,0,0,0,0,낮음,창원 성범죄 변호사
대구음주운전전문변호사,330,480,810,0,1.6,0,0.34,10,높음,창원 음주운전 변호사
인천음주운전전문변호사,290,520,810,0.3,0,0.11,0,10,높음,창원 음주운전 변호사
이혼재산분할소송,790,20,810,0,0.8,0,3.85,7,높음,재산분할 변호사
이혼항소,790,20,810,0,0,0,0,10,높음,재산분할 변호사
사실혼전문변호사,800,< 10,810,0,0.8,0,10,7,높음,재산분할 변호사
양육비소송비용,770,40,810,0,0.6,0,1.77,10,높음,재산분할 변호사
김포이혼전문변호사,100,700,800,0.1,3.4,0.15,0.5,7,높음,창원 이혼 변호사
동탄이혼,790,< 10,800,0,0,0,0,7,높음,창원 이혼 변호사 | 재산분할 변호사
이혼재산분할상담,770,30,800,0,2.8,0,8.24,7,높음,재산분할 변호사
여자이혼변호사,780,20,800,0,0,0,0,7,높음,재산분할 변호사
대구강제추행변호사,490,300,790,0,0.2,0,0.07,7,높음,창원 성범죄 변호사
재산분할이혼,780,10,790,0,0,0,0,7,높음,재산분할 변호사
사실혼변호사,770,20,790,0.1,0.8,0.02,4.22,10,높음,재산분할 변호사
부산재산분할변호사,770,10,780,0,1.2,0,10.91,7,높음,창원 이혼 변호사
의정부이혼변호사,260,520,780,0.2,3,0.08,0.66,10,높음,창원 이혼 변호사
의정부형사전문변호사,490,290,780,2.1,2.6,0.46,0.9,10,높음,창원 변호사
대전성범죄변호사,570,200,770,1.6,5.6,0.32,2.78,10,높음,창원 성범죄 변호사
대구성추행변호사,330,440,770,0.3,2.4,0.09,0.54,7,높음,창원 성범죄 변호사
안산이혼전문변호사,490,280,770,1.1,5.6,0.24,2.21,10,높음,창원 이혼 변호사
강릉변호사,180,590,770,0.1,8,0.06,1.39,10,높음,창원 변호사
재산분할청구,740,20,760,0,0,0,0,7,높음,재산분할 변호사
이혼소송전문,750,10,760,0,0.6,0,4,7,높음,재산분할 변호사
정보통신망법위반,210,540,750,0.1,3.4,0.05,0.65,10,높음,사이버 명예훼손 변호사
부산법률사무소,130,620,750,1.3,5.8,1.04,0.99,10,높음,창원 변호사
친권,200,540,740,0.1,0.2,0.06,0.05,10,높음,재산분할 변호사
자살방조죄,90,640,730,0,1,0,0.17,7,높음,사이버 명예훼손 변호사 | 모욕죄 변호사
면접교섭불이행,60,670,730,0.4,4,0.62,0.64,10,높음,재산분할 변호사
서울음주운전변호사,630,90,720,0,1.2,0,1.45,10,높음,창원 형사전문변호사 | 창원 음주운전 변호사 | 창원 변호사
의정부성범죄변호사,610,100,710,0.2,0.5,0.04,0.46,10,높음,창원 성범죄 변호사
강남형사전문변호사,470,230,700,0.2,0.6,0.05,0.27,10,높음,창원 형사전문변호사 | 창원 형사 변호사
합의이혼서류양식,260,440,700,1.7,2.6,0.72,0.68,10,높음,재산분할 변호사
성매매변호사,270,420,690,0.5,4,0.3,1.19,10,높음,창원 성범죄 변호사
대전형사변호사,230,450,680,0.5,7.6,0.23,1.71,10,높음,창원 형사전문변호사 | 창원 형사 변호사
성범죄피해자변호사,360,300,660,0.7,9.8,0.22,3.24,10,높음,창원 성범죄 변호사
광주형사전문변호사,490,170,660,1.3,4.8,0.29,2.91,10,높음,창원 형사전문변호사 | 창원 형사 변호사
정보통신망이용촉진및정보보호등에관한법률,560,100,660,0,0,0,0,7,높음,사이버 명예훼손 변호사
인천법률사무소,140,520,660,0.7,7.4,0.52,1.51,10,높음,창원 변호사
대전법무법인,90,560,650,3.4,10.4,3.66,2,10,높음,창원 사기 변호사 | 창원 변호사
허위사실유포,200,450,650,0.3,2.2,0.15,0.51,10,높음,사이버 명예훼손 변호사 | 모욕죄 변호사
명예훼손공소시효,110,540,650,0.7,8.8,0.66,1.73,10,높음,사이버 명예훼손 변호사 | 모욕죄 변호사
협의이혼합의서,230,420,650,1,3.4,0.46,0.86,10,높음,재산분할 변호사
대구변호사사무실,440,210,650,0.6,7.6,0.15,3.68,10,높음,창원 변호사
부산강제추행변호사,350,290,640,0,0.6,0,0.21,10,높음,창원 성범죄 변호사
사이버명예훼손,220,410,630,0.5,1.6,0.23,0.42,10,높음,사이버 명예훼손 변호사 | 모욕죄 변호사
유튜브댓글고소,120,510,630,0.1,0.8,0.09,0.17,10,높음,사이버 명예훼손 변호사 | 모욕죄 변호사
울산형사전문변호사,220,400,620,0.3,3,0.15,0.82,10,높음,창원 형사전문변호사 | 창원 형사 변호사 | 창원 변호사
서울법률사무소,50,570,620,0.6,1.8,1.02,0.33,10,높음,창원 변호사
광주형사변호사,360,240,600,0,3.2,0,1.43,10,높음,창원 형사전문변호사 | 창원 형사 변호사
상속분할협의서양식,300,300,600,0.5,1.8,0.18,0.67,10,높음,재산분할 변호사
상속재산분할소송,220,370,590,1.3,6,0.61,1.72,10,높음,재산분할 변호사
부천법무법인,40,550,590,0,1.8,0,0.36,10,높음,창원 변호사
모욕죄고소,110,470,580,0.3,4.8,0.27,1.06,10,높음,사이버 명예훼손 변호사 | 모욕죄 변호사
김천지원,320,250,570,0,0,0,0,0,낮음,창원 음주운전 변호사
선박안전법,410,160,570,0,0,0,0,3,높음,모욕죄 변호사
부산변호사사무실,350,220,570,0.8,3,0.25,1.4,10,높음,창원 변호사
경주변호사,240,330,570,0.9,5,0.39,1.57,10,높음,창원 변호사
성남이혼전문변호사,340,220,560,0.5,2.2,0.16,1.05,10,높음,창원 이혼 변호사
여수변호사,250,310,560,0.3,4.8,0.12,1.61,10,높음,창원 변호사
전주음주운전변호사,90,460,550,0.3,1,0.34,0.25,10,높음,창원 음주운전 변호사
모욕죄합의금,90,460,550,0.4,4.4,0.47,1,7,높음,사이버 명예훼손 변호사 | 모욕죄 변호사
부산변호사상담,160,390,550,0.8,8.6,0.52,2.34,10,높음,창원 변호사
강릉교통사고,70,480,550,0,1.4,0,0.32,8,중간,창원 변호사
전주형사전문변호사,50,490,540,0.3,5.6,0.63,1.2,10,높음,창원 형사 변호사
전주형사변호사,80,450,530,1,2.2,1.25,0.53,10,높음,창원 형사전문변호사 | 창원 형사 변호사
천안형사전문변호사,210,310,520,0,1.8,0,0.61,10,높음,창원 형사전문변호사 | 창원 형사 변호사
정보통신법위반,100,420,520,0.7,6.6,0.69,1.63,10,높음,사이버 명예훼손 변호사 | 모욕죄 변호사
광주성범죄변호사,390,120,510,0,2.2,0,1.87,10,높음,창원 성범죄 변호사
부산학교폭력변호사,390,120,510,0.7,3.2,0.19,2.67,10,높음,창원 사기 변호사
창원이혼변호사,300,210,510,0.4,10.4,0.14,5.26,10,높음,창원 이혼 변호사 | 창원 변호사
안양이혼전문변호사,340,170,510,0.7,6.2,0.22,3.76,10,높음,창원 이혼 변호사
욕설모욕죄,70,440,510,0,0,0,0,3,높음,사이버 명예훼손 변호사 | 모욕죄 변호사
강남구변호사,250,260,510,0,0.3,0,0.1,10,높음,창원 변호사
강남법률사무소,50,460,510,0.1,0.8,0.29,0.19,7,높음,창원 변호사
광주음주운전변호사,410,90,500,0.6,1,0.15,1.15,10,높음,창원 음주운전 변호사
명예훼손죄성립요건,130,370,500,0.2,5.6,0.16,1.51,10,높음,사이버 명예훼손 변호사 | 모욕죄 변호사
양육비부담조서,210,290,500,0.1,0.2,0.05,0.08,10,높음,재산분할 변호사
울산법률사무소,20,480,500,0.1,5.6,0.44,1.19,10,높음,창원 변호사
대구법률사무소,80,420,500,0.8,2.6,1.1,0.66,10,높음,창원 변호사
김포변호사,260,240,500,0.1,5,0.05,2.19,10,높음,창원 변호사
형사고소비용,90,400,490,0.9,5.2,0.95,1.35,7,높음,사이버 명예훼손 변호사 | 모욕죄 변호사
상속재산분할심판청구,240,250,490,0.3,2.6,0.13,1.05,10,높음,재산분할 변호사
창원음주운전변호사,370,110,480,0.1,2,0.03,1.77,10,높음,창원 검사출신 변호사 | 창원 형사전문변호사 | 창원 음주운전 변호사 | 창원 이혼 변호사 | 창원 형사 변호사 | 창원 변호사
평택이혼전문변호사,320,160,480,0.2,3.6,0.07,2.3,10,높음,창원 이혼 변호사
롤패드립고소,210,270,480,1.2,2.4,0.63,0.96,10,높음,사이버 명예훼손 변호사 | 모욕죄 변호사
친권자동의서,180,300,480,0.2,1,0.12,0.36,10,높음,재산분할 변호사
울산법무법인,180,300,480,0.8,5.2,0.46,1.78,10,높음,창원 변호사
천안이혼변호사,250,220,470,0.7,10.8,0.29,5,10,높음,창원 이혼 변호사
광주법무법인,70,400,470,0.7,8.4,0.99,2.2,10,높음,창원 변호사
포항이혼전문변호사,220,240,460,0.9,3.4,0.45,1.53,10,높음,창원 이혼 변호사
구미이혼전문변호사,200,260,460,0.1,3.4,0.06,1.4,10,높음,창원 이혼 변호사
광주법률사무소,30,430,460,0.2,4,0.77,1.02,10,높음,창원 변호사
사자명예훼손,130,320,450,0.1,2.2,0.08,0.7,10,높음,사이버 명예훼손 변호사 | 모욕죄 변호사
부천이혼변호사,220,220,440,1.5,5.4,0.71,2.48,10,높음,창원 이혼 변호사
혼전계약서,90,350,440,0.4,2.3,0.48,0.68,10,높음,재산분할 변호사
부산서부지청,140,290,430,0,1.8,0,0.63,6,중간,창원 성범죄 변호사 | 창원 검사출신 변호사 | 창원 형사전문변호사 | 창원 음주운전 변호사 | 창원 형사 변호사 | 창원 변호사
모해위증죄,110,320,430,0,4.6,0,1.47,10,높음,사이버 명예훼손 변호사 | 모욕죄 변호사
울산변호사상담,50,380,430,1.1,14.2,1.93,3.78,10,높음,창원 변호사
군산변호사,100,330,430,1.6,10.8,1.6,3.43,10,높음,창원 변호사
대구변호사상담,170,260,430,1,17,0.59,6.83,10,높음,창원 변호사
성범죄처벌,260,150,410,0.2,2.2,0.09,1.52,10,높음,창원 성범죄 변호사
김해변호사,220,190,410,0.1,3.2,0.05,1.87,10,높음,창원 검사출신 변호사 | 창원 형사전문변호사 | 창원 음주운전 변호사 | 창원 이혼 변호사 | 창원 형사 변호사 | 창원 변호사
전주학교폭력변호사,20,390,410,0,1.9,0,0.52,10,높음,창원 이혼 변호사
수원법률사무소,130,280,410,0.5,3.2,0.41,1.17,10,높음,창원 변호사
평택이혼변호사,230,170,400,0.2,3.8,0.09,2.52,10,높음,창원 이혼 변호사
이혼과정,50,350,400,0.1,0.8,0.18,0.25,10,높음,재산분할 변호사
이혼종류,60,340,400,0.4,3.8,0.64,1.2,10,높음,재산분할 변호사
협의이혼기간,60,330,390,0,2,0,0.65,10,높음,재산분할 변호사
수원변호사사무실,310,80,390,0,3,0,3.62,10,높음,창원 변호사
거제변호사,100,280,380,1.1,4,1.08,1.46,10,높음,창원 검사출신 변호사 | 창원 형사전문변호사 | 창원 변호사
부산이혼상담,160,220,380,0.1,7.4,0.07,3.46,10,높음,창원 이혼 변호사
남양주이혼변호사,210,170,380,0.1,3,0.05,1.78,10,높음,창원 이혼 변호사
롤욕설고소,180,200,380,0.8,1.1,0.46,0.56,10,높음,사이버 명예훼손 변호사 | 모욕죄 변호사
온라인고소,180,190,370,0.1,1.1,0.06,0.65,10,높음,사이버 명예훼손 변호사 | 모욕죄 변호사
부산법률상담,220,150,370,0.2,1.8,0.1,1.22,10,높음,창원 변호사
부산로펌,210,160,370,0.4,4.2,0.2,2.66,10,높음,창원 변호사
김해이혼전문변호사,190,170,360,0.1,2,0.06,1.26,10,높음,창원 이혼 변호사 | 창원 변호사
대구사기변호사,290,70,360,0,3.2,0,4.58,10,높음,모욕죄 변호사
이혼법원,40,320,360,0.1,1.1,0.36,0.38,7,높음,재산분할 변호사
합의이혼신청서,140,220,360,0.1,1.5,0.08,0.73,10,높음,재산분할 변호사
법무법인부산,120,240,360,1.1,4.3,0.91,1.87,10,높음,창원 변호사
창원성범죄변호사,270,80,350,0.1,0.8,0.04,0.98,10,높음,창원 성범죄 변호사 | 창원 변호사
재산분할합의서,160,190,350,0.2,0.6,0.13,0.33,10,높음,재산분할 변호사
세종변호사,140,210,350,0.3,4.8,0.22,2.3,10,높음,창원 변호사
안산형사전문변호사,190,150,340,0.1,3.8,0.06,2.59,10,높음,창원 형사전문변호사 | 창원 형사 변호사
감치명령,80,260,340,0,0,0,0,3,높음,재산분할 변호사
사실혼상속,70,270,340,0.2,1.4,0.26,0.54,10,높음,재산분할 변호사
페노바르비탈,90,240,330,0,0.5,0,0.23,2,중간,마약 변호사
명예훼손처벌,70,260,330,0.2,0.6,0.28,0.24,10,높음,사이버 명예훼손 변호사 | 모욕죄 변호사
사자명예훼손죄,80,250,330,0,0.8,0,0.34,10,높음,사이버 명예훼손 변호사 | 모욕죄 변호사
이혼판결문,80,250,330,0.1,1.6,0.13,0.68,10,높음,재산분할 변호사
인천이혼상담,200,120,320,0.1,1.2,0.06,0.96,10,높음,창원 이혼 변호사
이혼신청서류,80,240,320,0.3,1.1,0.38,0.49,10,높음,재산분할 변호사
용인변호사,130,190,320,0.4,3.4,0.32,1.79,10,높음,창원 변호사
대전법률상담,80,240,320,0.1,3.6,0.14,1.49,10,높음,창원 변호사
청주음주운전변호사,150,160,310,0.1,3.4,0.07,2.43,10,높음,창원 음주운전 변호사
마약사건변호사,250,60,310,0.1,1.6,0.04,2.67,10,높음,마약 변호사
공무상비밀누설죄,80,230,310,0.4,1,0.53,0.45,10,높음,사이버 명예훼손 변호사 | 모욕죄 변호사
충주변호사,90,220,310,0.9,5.6,0.99,2.71,10,높음,창원 변호사
청주형사전문변호사,180,120,300,0.5,6.2,0.28,5.09,10,높음,창원 형사전문변호사 | 창원 형사 변호사 | 창원 변호사
이혼카페,50,250,300,0,1.6,0,0.69,10,높음,재산분할 변호사
이혼접수서류,40,260,300,0,0,0,0,3,높음,재산분할 변호사
제주도변호사,50,250,300,0.3,5,0.58,2.07,10,높음,창원 변호사
안산음주운전,60,230,290,0,0,0,0,3,높음,창원 음주운전 변호사
부천음주운전변호사,230,60,290,0,0.7,0,1.24,10,높음,창원 음주운전 변호사
악플고소,60,230,290,0,3.6,0,1.6,10,높음,사이버 명예훼손 변호사 | 모욕죄 변호사
안동변호사,40,250,290,0.1,3.4,0.23,1.45,10,높음,창원 변호사
속초변호사,40,250,290,0.2,4.6,0.43,1.86,10,높음,창원 변호사
마약수사,100,180,280,0.6,0.6,0.63,0.36,10,높음,마약 변호사
휴대폰명의도용,70,210,280,0.9,6,1.33,2.98,10,높음,사이버 명예훼손 변호사
베트남변호사,20,260,280,1,5,3.58,1.95,7,중간,모욕죄 변호사
경찰고소,90,190,280,0,1.2,0,0.63,10,높음,모욕죄 변호사
사실혼기간,30,250,280,0,1.7,0,0.74,10,높음,재산분할 변호사
이혼서류접수,40,240,280,0,1.6,0,0.73,10,높음,재산분할 변호사
이혼후자녀,10,270,280,0,0.3,0,0.13,3,높음,재산분할 변호사
서산변호사,120,160,280,8.2,6,6.51,3.64,10,높음,창원 변호사
인천변호사사무실,210,70,280,0.2,1.2,0.11,1.72,10,높음,창원 변호사
천안변호사상담,130,150,280,0.3,6,0.23,4.11,10,높음,창원 변호사
창원법률사무소,110,160,270,0.5,5.4,0.47,3.56,10,높음,창원 검사출신 변호사 | 창원 형사전문변호사 | 창원 음주운전 변호사 | 창원 이혼 변호사 | 창원 변호사
마약초범,110,160,270,0,1,0,0.68,10,높음,마약 변호사
미추홀법률사무소,40,230,270,0.4,1.8,1.03,0.81,7,높음,창원 형사 변호사
모욕죄공연성,60,210,270,0,0.5,0,0.23,10,높음,사이버 명예훼손 변호사 | 모욕죄 변호사
인터넷고소,140,130,270,0,0,0,0,3,높음,사이버 명예훼손 변호사 | 모욕죄 변호사
이혼준비서류,40,230,270,0,1.5,0,0.71,10,높음,재산분할 변호사
광주법률상담,80,190,270,0,1.4,0,0.74,10,높음,창원 변호사
순천형사전문변호사,10,260,270,0,2.2,0,0.86,7,높음,창원 변호사
부산성추행변호사,210,50,260,0,1.6,0,3.48,7,높음,창원 성범죄 변호사
사이버모욕죄,70,190,260,0.3,0.4,0.4,0.23,10,높음,사이버 명예훼손 변호사 | 모욕죄 변호사
명예훼손합의금,50,210,260,0.1,0,0.22,0,10,높음,사이버 명예훼손 변호사 | 모욕죄 변호사
친권포기각서,30,230,260,0,1.2,0,0.55,10,높음,재산분할 변호사
진주변호사사무실,30,230,260,0,2.4,0,1.2,10,높음,창원 변호사
고양형사전문변호사,240,10,250,0,0,0,0,7,높음,창원 형사전문변호사 | 창원 형사 변호사
울산형사변호사,70,180,250,0.9,2.4,1.27,1.36,10,높음,창원 형사전문변호사 | 창원 형사 변호사 | 창원 변호사
의정부음주운전변호사,160,90,250,0,0.8,0,0.87,10,높음,창원 음주운전 변호사
포항이혼변호사,150,100,250,0.4,7.4,0.28,7.4,10,높음,창원 이혼 변호사
제주이혼변호사,190,60,250,0,3.2,0,4.78,10,높음,창원 이혼 변호사
창원형사변호사,190,50,240,0.1,1.6,0.06,3.14,10,높음,창원 성범죄 변호사 | 창원 검사출신 변호사 | 창원 형사전문변호사 | 창원 음주운전 변호사 | 창원 이혼 변호사 | 창원 형사 변호사 | 창원 변호사
부산음주운전전문변호사,200,40,240,0.1,0.6,0.08,1.41,7,높음,창원 음주운전 변호사
마약수사직,50,190,240,0.1,0.2,0.21,0.12,10,높음,마약 변호사
혼인취소,60,180,240,0,0.7,0,0.4,10,높음,재산분할 변호사
다산법무법인,10,230,240,0.1,1.8,0.59,0.85,10,높음,창원 변호사
광주로펌,80,160,240,0.1,2,0.14,1.21,10,높음,창원 변호사
김천변호사,110,130,240,0.4,4.4,0.38,3.47,10,높음,창원 변호사
안산음주운전변호사,150,80,230,0,2.6,0,3.21,10,높음,창원 음주운전 변호사
성남이혼변호사,180,50,230,0.2,2.8,0.12,5.19,10,높음,창원 이혼 변호사
흡입제,60,170,230,0,0,0,0,3,높음,마약 변호사
온라인사기,100,130,230,0.1,1.4,0.1,1.12,10,높음,사이버 명예훼손 변호사 | 모욕죄 변호사
진주이혼전문변호사,60,170,230,0.4,3.2,0.67,2.1,10,높음,창원 변호사
이천변호사,30,200,230,0.2,8.6,0.67,4.3,10,높음,창원 변호사
수원로펌,170,60,230,0.4,0.4,0.24,0.66,10,높음,창원 변호사
창원변호사사무실,70,150,220,0,5.8,0,4.21,10,높음,창원 검사출신 변호사 | 창원 형사전문변호사 | 창원 음주운전 변호사 | 창원 이혼 변호사 | 창원 형사 변호사 | 창원 변호사
남양주음주운전변호사,130,90,220,0,0,0,0,7,높음,창원 음주운전 변호사
제주음주운전,40,180,220,0,0,0,0,3,높음,창원 음주운전 변호사
대전이혼변호사상담,30,190,220,0.9,7.2,2.32,3.88,7,높음,창원 이혼 변호사
마약처벌,60,160,220,0.2,0.4,0.34,0.25,10,높음,마약 변호사
명예훼손변호사,60,160,220,1,7.4,1.59,4.69,10,높음,사이버 명예훼손 변호사 | 모욕죄 변호사
사이버고소,100,120,220,0.5,0.6,0.55,0.56,10,높음,사이버 명예훼손 변호사
집행유예실효,90,130,220,0,0,0,0,3,높음,창원 변호사
법무법인대전,10,210,220,0.4,2.3,3.27,1.15,8,중간,창원 변호사
송도법무법인,20,200,220,0.6,1,2.95,0.64,7,높음,창원 변호사
부산상간소송,80,130,210,0,1.8,0,1.38,10,높음,창원 이혼 변호사
이혼재산분할협의서,90,120,210,0.2,0.2,0.22,0.2,10,높음,재산분할 변호사
국제이혼,70,140,210,1.2,3.4,1.67,2.42,10,높음,재산분할 변호사
친권자변경,50,160,210,0,1.4,0,0.87,10,높음,재산분할 변호사
진주법률사무소,20,190,210,0,1.6,0,0.94,10,높음,창원 변호사
광주변호사상담,50,160,210,0.6,7.6,1.2,4.88,10,높음,창원 변호사
부산형사사건변호사,110,90,200,0.3,6.8,0.29,7.4,10,높음,창원 성범죄 변호사 | 창원 형사전문변호사 | 창원 형사 변호사 | 창원 변호사
천안형사변호사,110,90,200,0,1,0,1.3,10,높음,창원 형사전문변호사 | 창원 형사 변호사
재판상이혼사유,110,90,200,0,1,0,1.1,7,높음,재산분할 변호사
가사사건,50,150,200,0,0,0,0,7,높음,재산분할 변호사
파주변호사,80,120,200,0.2,2.2,0.26,1.87,10,높음,창원 변호사
대전성범죄전문변호사,50,140,190,1.1,0.6,2.29,0.41,7,높음,창원 성범죄 변호사
통영변호사,100,90,190,0.2,6.4,0.2,7.2,10,높음,창원 형사전문변호사 | 창원 형사 변호사 | 창원 변호사
상속재산분할합의서,90,100,190,0.1,0.6,0.12,0.64,10,높음,재산분할 변호사
이혼협의서,70,120,190,0.4,1.2,0.59,1.01,7,높음,재산분할 변호사
합의이혼서,80,110,190,0.6,0.5,0.74,0.48,7,높음,재산분할 변호사
부천법률사무소,50,140,190,0,3.4,0,2.37,10,높음,창원 변호사
인천변호사상담,130,60,190,1.3,3,1.03,5,10,높음,창원 변호사
영덕법원,40,150,190,0,0,0,0,1,중간,창원 변호사
마산변호사,70,110,180,0.1,2.6,0.14,2.46,10,높음,창원 검사출신 변호사 | 창원 형사전문변호사 | 창원 음주운전 변호사 | 창원 이혼 변호사 | 창원 형사 변호사 | 창원 변호사
창원음주운전전문변호사,150,30,180,0,1,0,3.71,10,높음,창원 검사출신 변호사 | 창원 형사전문변호사 | 창원 음주운전 변호사 | 창원 이혼 변호사 | 창원 형사 변호사 | 창원 변호사
서울형사변호사,160,20,180,0.1,0.4,0.07,1.67,10,높음,창원 형사전문변호사 | 창원 형사 변호사
안산이혼변호사,110,70,180,0.3,4.4,0.27,6.03,10,높음,창원 이혼 변호사
대구이혼,40,140,180,0.4,1.8,0.86,1.57,10,높음,창원 이혼 변호사
평택법무법인,60,120,180,1.4,2.2,2.3,2,10,높음,창원 이혼 변호사 | 창원 변호사
명예훼손고소장,60,120,180,0,0.8,0,0.67,10,높음,사이버 명예훼손 변호사 | 모욕죄 변호사
분쟁등에,30,150,180,0,0,0,0,2,중간,사이버 명예훼손 변호사 | 모욕죄 변호사
양산변호사,90,90,180,0.1,4.6,0.12,5.17,10,높음,창원 변호사
울산민사변호사,80,100,180,0.3,1.8,0.38,1.84,7,높음,창원 변호사
의정부법률사무소,60,120,180,0.1,3.2,0.18,2.61,10,높음,창원 변호사
안산법률사무소,30,150,180,0.4,5.4,1.25,3.6,10,높음,창원 변호사
부평변호사,110,70,180,0.1,3.4,0.1,4.79,10,높음,창원 변호사
대전로펌,60,120,180,0.6,3.2,0.96,2.56,10,높음,창원 변호사
모욕죄신고,50,120,170,0,0.2,0,0.2,7,높음,사이버 명예훼손 변호사 | 모욕죄 변호사
무죄방면,30,140,170,0,0,0,0,3,높음,사이버 명예훼손 변호사 | 모욕죄 변호사
사실혼관계이혼,20,150,170,0,1.2,0,0.79,7,높음,재산분할 변호사
이혼신청서양식,90,80,170,0.3,0.7,0.38,0.89,10,높음,재산분할 변호사
청주변호사사무실,60,110,170,0.5,4.6,0.88,4.39,10,높음,창원 변호사
청주법률사무소,30,140,170,0.2,4,0.65,2.97,10,높음,창원 변호사
청주형사변호사,80,90,170,0,1.2,0,1.42,10,높음,창원 변호사
대전변호사상담,30,140,170,0.2,3.8,0.75,2.82,10,높음,창원 변호사
부천변호사사무실,60,110,170,1,1,1.86,0.93,10,높음,창원 변호사
인천성추행전문변호사,120,40,160,0,0,0,0,3,높음,창원 성범죄 변호사
부천형사변호사,40,120,160,0.7,1.8,1.75,1.47,10,높음,창원 형사전문변호사 | 창원 형사 변호사
광주채권추심변호사,80,80,160,0.1,0.5,0.18,0.66,7,높음,창원 사기 변호사
광주민사변호사,40,120,160,0.4,0.6,0.94,0.5,10,높음,창원 사기 변호사
순천이혼전문변호사,60,100,160,0.6,5.6,0.95,6.16,10,높음,창원 이혼 변호사
김포이혼변호사,90,70,160,0.1,2.4,0.11,3.59,10,높음,창원 이혼 변호사
대구보이스피싱,80,80,160,0,0.2,0,0.3,7,높음,모욕죄 변호사
이혼서류출력,60,100,160,0.1,0.5,0.16,0.53,10,높음,재산분할 변호사
이혼서류준비,50,110,160,0,0.6,0,0.59,10,높음,재산분할 변호사
이혼에필요한서류,10,150,160,0,7,0,4.8,10,높음,재산분할 변호사
진주성범죄변호사,140,20,160,0,0.2,0,0.96,7,높음,창원 변호사
창원강제추행변호사,120,30,150,0,0,0,0,7,높음,창원 강제추행 변호사
수원교통사고변호사,90,60,150,0.4,1.6,0.43,2.59,10,높음,창원 음주운전 변호사
안양이혼변호사,80,70,150,0.4,2.4,0.53,3.59,10,높음,창원 이혼 변호사
대전이혼상담,10,140,150,0,2.8,0,2.44,7,높음,창원 이혼 변호사
광주이혼상담,100,50,150,0.1,2,0.1,4.09,10,높음,창원 이혼 변호사
핸드폰사기,30,120,150,0.4,1.8,1.54,1.63,10,높음,사이버 명예훼손 변호사 | 모욕죄 변호사
협의이혼양육권,20,130,150,0,0,0,0,3,높음,재산분할 변호사
재혼이혼,30,120,150,0,0.8,0,0.71,10,높음,재산분할 변호사
친권변경,70,80,150,0.3,0,0.4,0,7,높음,재산분할 변호사
인천법률상담,130,20,150,0.1,1,0.09,3.45,10,높음,창원 변호사
인천로펌,50,100,150,0.2,1.4,0.41,1.33,10,높음,창원 변호사
대구법률상담,70,80,150,0.1,1.8,0.14,2.25,10,높음,창원 변호사
부천변호사상담,10,140,150,0,3,0,2.13,10,높음,창원 변호사
익산변호사,20,130,150,0.5,4,2,3.04,10,높음,창원 변호사
분묘발굴죄,30,120,150,0,1.3,0,1.08,10,높음,창원 변호사
성북구변호사,20,130,150,0.1,2.2,0.58,1.65,7,높음,창원 변호사
법무법인대구,40,110,150,1.1,3,2.54,2.76,7,높음,창원 변호사
의정부형사변호사,80,70,150,0,1.8,0,2.47,7,높음,창원 변호사
서울로펌,20,130,150,0.4,2,1.54,1.63,10,높음,창원 변호사
명지변호사,60,80,140,0,0.6,0,0.86,10,높음,창원 성범죄 변호사 | 창원 형사전문변호사 | 창원 형사 변호사 | 창원 변호사
광주음주운전,30,110,140,0,0,0,0,7,높음,창원 음주운전 변호사
부산이혼,30,110,140,0.1,1,0.35,0.88,10,높음,창원 이혼 변호사
순천이혼변호사,20,120,140,0,3.2,0,2.79,10,높음,창원 이혼 변호사
화학제품안전법,110,30,140,0.1,0,0.13,0,7,높음,마약 변호사
협의이혼공증,50,90,140,0,1,0,1.17,10,높음,재산분할 변호사
창원법률상담,30,110,140,0,1.3,0,1.1,7,높음,창원 변호사
울산법률상담,30,110,140,0.2,1.6,0.55,1.4,10,높음,창원 변호사
울산로펌,10,130,140,0,4,0,2.99,10,높음,창원 변호사
수원변호사상담,90,50,140,0,0.2,0,0.4,10,높음,창원 변호사
광명변호사,80,60,140,0.3,2.8,0.42,4.75,10,높음,창원 변호사
당진변호사,80,60,140,0.7,2.6,0.85,3.94,10,높음,창원 변호사
일산법률사무소,80,60,140,0,1,0,1.54,10,높음,창원 변호사
청주성범죄변호사,90,40,130,0.3,1.2,0.31,2.86,10,높음,창원 성범죄 변호사
울산YK,< 10,120,130,0.3,5.6,5.89,4.9,3,중간,창원 형사전문변호사
성남음주운전변호사,110,20,130,0,0.4,0,1.74,7,높음,창원 형사전문변호사 | 창원 음주운전 변호사
강릉음주운전,10,120,130,0,0,0,0,7,높음,창원 음주운전 변호사
창원사기변호사,120,10,130,0,0.2,0,1.25,10,높음,창원 사기 변호사
일산이혼변호사,70,60,130,0.6,1,0.82,1.64,10,높음,창원 이혼 변호사
용인이혼변호사,90,40,130,0,2.6,0,6.5,10,높음,창원 이혼 변호사
신용훼손죄,30,100,130,0.1,0.7,0.43,0.64,7,높음,사이버 명예훼손 변호사 | 모욕죄 변호사
이혼시국민연금,10,120,130,0,1.8,0,1.66,7,높음,재산분할 변호사
사실혼해소,50,80,130,0,0.4,0,0.57,7,높음,재산분할 변호사
부산형사소송변호사,120,10,130,0,0.8,0,4.45,7,높음,창원 변호사
군산변호사사무실,90,40,130,0,0.8,0,1.97,10,높음,창원 변호사
대전변호사사무실,70,60,130,0.3,1,0.4,1.73,10,높음,창원 변호사
해운대법무법인,< 10,120,130,0,0.5,0,0.4,7,높음,창원 변호사
창원민사변호사,70,50,120,0.6,0.8,0.82,1.51,7,높음,창원 성범죄 변호사 | 창원 형사전문변호사 | 창원 형사 변호사 | 창원 변호사
창원부동산전문변호사,80,40,120,0.6,3.2,0.75,7.12,10,높음,창원 형사전문변호사 | 창원 이혼 변호사 | 창원 변호사
평택형사변호사,50,70,120,0.3,0.6,0.57,0.89,10,높음,창원 형사전문변호사 | 창원 형사 변호사 | 창원 변호사
진주이혼변호사,70,50,120,0,1.4,0,2.6,7,높음,창원 이혼 변호사 | 창원 변호사
부천상속변호사,90,30,120,0.1,2.8,0.17,7.37,7,높음,창원 이혼 변호사
허위사실유포명예훼손,40,80,120,0,0,0,0,3,높음,사이버 명예훼손 변호사 | 모욕죄 변호사
구리변호사,30,90,120,0.3,1.6,1.16,1.87,10,높음,창원 변호사
부산스토킹변호사,80,40,120,0,2.6,0,5.91,7,높음,창원 변호사
오산변호사,30,90,120,0.1,3.4,0.38,4,10,높음,창원 변호사
남양주법률사무소,20,100,120,0.1,2.2,0.38,2.18,10,높음,창원 변호사
대전성추행변호사,40,70,110,0,0.4,0,0.66,7,높음,창원 성범죄 변호사
성범죄변호사비용,40,70,110,0.9,2.4,1.91,3.34,7,높음,창원 성범죄 변호사
창원로펌,80,30,110,0.3,0.8,0.36,2.29,10,높음,창원 검사출신 변호사 | 창원 형사전문변호사 | 창원 음주운전 변호사 | 창원 이혼 변호사 | 창원 형사 변호사 | 창원 변호사
진해변호사,60,50,110,0.3,1.6,0.46,3.02,10,높음,창원 검사출신 변호사 | 창원 형사전문변호사 | 창원 음주운전 변호사 | 창원 이혼 변호사 | 창원 변호사
해운대변호사,50,60,110,1.4,5,2.46,7.7,10,높음,창원 검사출신 변호사 | 창원 변호사
부산민사전문변호사,70,40,110,1.3,4.4,1.87,10,7,높음,창원 검사출신 변호사 | 창원 형사전문변호사 | 창원 변호사
안산형사변호사,60,50,110,0,0,0,0,10,높음,창원 형사전문변호사 | 창원 형사 변호사
창원부동산변호사,70,40,110,0,2.8,0,6.37,10,높음,창원 형사전문변호사 | 창원 음주운전 변호사 | 창원 이혼 변호사 | 창원 변호사
미추홀법무법인,< 10,100,110,0,0,0,0,7,높음,창원 형사전문변호사 | 창원 형사 변호사
일산음주운전변호사,70,40,110,0.1,1.2,0.14,2.61,10,높음,창원 음주운전 변호사
춘천이혼전문변호사,30,80,110,0,4,0,4.82,10,높음,창원 이혼 변호사
파주이혼변호사,60,50,110,0.1,2,0.15,4,10,높음,창원 이혼 변호사
대구이혼무료상담,20,90,110,0.5,8,2.55,9.01,9,높음,창원 이혼 변호사
평택법률사무소,10,100,110,0.3,2.8,2.31,2.62,10,높음,창원 이혼 변호사 | 창원 변호사
대마초변호사,50,60,110,0,0,0,0,10,높음,마약 변호사
진주법무법인,50,60,110,0,2.2,0,3.73,7,높음,창원 형사 변호사 | 창원 변호사
게임욕설고소,40,70,110,0.2,0.5,0.48,0.65,10,높음,사이버 명예훼손 변호사 | 모욕죄 변호사
명예훼손민사,20,90,110,0,0.5,0,0.57,7,높음,사이버 명예훼손 변호사 | 모욕죄 변호사
명예훼손죄형량,20,90,110,0.1,4.6,0.48,4.85,10,높음,사이버 명예훼손 변호사 | 모욕죄 변호사
형사사건수임료,30,80,110,0.6,1.8,1.85,2.54,7,높음,사이버 명예훼손 변호사 | 모욕죄 변호사
댓글고소,10,100,110,0,0.7,0,0.69,10,높음,모욕죄 변호사
상속재산조회서비스,60,50,110,0,0,0,0,3,높음,재산분할 변호사
외도가는방법,20,90,110,0.4,2.8,2.53,3.36,7,높음,재산분할 변호사
합의이혼양식,50,60,110,0,1.4,0,2.27,7,높음,재산분할 변호사
양육비소멸시효,50,60,110,0,1.2,0,1.97,7,높음,재산분할 변호사
시흥변호사,40,70,110,0.2,2,0.41,2.82,10,높음,창원 변호사
순천변호사상담,30,80,110,0.9,2.6,2.53,3.21,7,높음,창원 변호사
의정부법무법인,40,70,110,0.4,3,1.03,4.42,10,높음,창원 변호사
여주변호사,40,70,110,0.7,3.4,1.71,4.6,10,높음,창원 변호사
제천변호사,30,80,110,0.5,0.6,1.73,0.78,10,높음,창원 변호사
부산민사소송변호사,90,20,110,0,0.8,0,2.97,10,높음,창원 변호사
광주성범죄전문변호사,60,40,100,0,0.2,0,0.45,10,높음,창원 성범죄 변호사
창원채권추심,80,20,100,0.1,0.3,0.17,1,7,높음,창원 성범죄 변호사 | 창원 형사전문변호사 | 창원 이혼 변호사 | 창원 형사 변호사 | 창원 변호사
창원시변호사,20,80,100,0,0.8,0,0.92,7,높음,창원 검사출신 변호사 | 창원 형사전문변호사 | 창원 음주운전 변호사 | 창원 이혼 변호사 | 창원 변호사
창원상속전문변호사,80,20,100,0.7,0.8,0.83,4,10,높음,창원 형사전문변호사 | 창원 이혼 변호사 | 창원 변호사
부산이혼전문,50,50,100,0.6,2.2,1.31,4.16,10,높음,창원 이혼 변호사
부산가사전문변호사,20,80,100,0,2.7,0,3.22,7,높음,창원 이혼 변호사
부산이혼소송,30,70,100,0.1,2.8,0.29,4.38,10,높음,창원 이혼 변호사
남양주상속변호사,60,40,100,0.9,0.2,1.3,0.43,7,높음,창원 이혼 변호사
대전이혼,< 10,90,100,0.1,0.6,2.86,0.71,7,높음,창원 이혼 변호사
대구이혼소송,40,60,100,0,1.8,0,3,10,높음,창원 이혼 변호사
필로폰변호사,20,80,100,0,0,0,0,3,높음,필로폰 변호사
명예훼손전문변호사,40,60,100,1.4,4.6,3.79,8.52,10,높음,사이버 명예훼손 변호사 | 모욕죄 변호사
폭행죄형량,30,70,100,0,0.6,0,0.85,7,높음,사이버 명예훼손 변호사 | 모욕죄 변호사
대구보이스피싱변호사,60,40,100,0,1.2,0,2.93,10,높음,모욕죄 변호사
이혼서류작성,20,80,100,0,0.5,0,0.65,10,높음,재산분할 변호사
혼인취소소송,40,60,100,0.1,0.4,0.22,0.71,10,높음,재산분할 변호사
무료이혼전문변호사,10,90,100,0.3,8.2,2.5,10,10,높음,재산분할 변호사
부산민사변호사,30,70,100,0.3,3.8,0.94,4.94,10,높음,창원 변호사
의정부변호사사무실,30,70,100,0.3,2.2,1,3.15,10,높음,창원 변호사
안성변호사,40,60,100,0.4,3.6,0.91,6,10,높음,창원 변호사
부천법원변호사,< 10,90,100,0,0,0,0,3,높음,창원 변호사
강릉변호사사무실,30,70,100,0.1,2,0.41,2.6,7,높음,창원 변호사
순천변호사사무실,10,90,100,0.2,2.5,1.34,2.74,10,높음,창원 변호사
안산법무법인,50,50,100,0.3,2,0.62,3.85,10,높음,창원 변호사
하남변호사,50,50,100,0.1,1.6,0.19,2.91,10,높음,창원 변호사
공밀추,60,30,90,0.4,0,0.71,0,7,높음,창원 성범죄 변호사
YK울산,< 10,80,90,0.4,1.9,7.15,2.57,3,중간,창원 형사전문변호사
울산음주운전변호사,70,20,90,0,1,0,3.85,10,높음,창원 음주운전 변호사
분당이혼전문변호사,20,70,90,0.3,2.4,1.43,4.37,10,높음,창원 이혼 변호사
부천이혼소송변호사,20,70,90,0,0,0,0,10,높음,창원 이혼 변호사
고양시이혼변호사,20,70,90,0,0.2,0,0.27,7,높음,창원 이혼 변호사
울산이혼,10,80,90,0,0.8,0,1.25,7,높음,창원 이혼 변호사 | 창원 변호사
부산사기,50,40,90,0,0,0,0,3,높음,창원 이혼 변호사
게임고소,20,70,90,0.1,0,0.72,0,7,높음,사이버 명예훼손 변호사 | 모욕죄 변호사
허위사실유포고소장,< 10,80,90,0.1,0,2.05,0,7,높음,사이버 명예훼손 변호사 | 모욕죄 변호사
파혼소송,20,70,90,0.1,0.4,0.76,0.6,7,높음,재산분할 변호사
이혼양식,50,40,90,0.1,1.2,0.23,2.49,10,높음,재산분할 변호사
거창변호사,20,70,90,0.1,2.2,0.48,2.94,10,높음,창원 변호사
통영개인회생,60,30,90,0,2.6,0,8.67,10,높음,창원 변호사
올인법률사무소,20,70,90,3.3,7.6,19.24,13.26,2,낮음,창원 변호사
순천무료법률상담,< 10,80,90,0.2,3,2.5,4.17,6,중간,창원 변호사
부천시변호사,< 10,80,90,0,0,0,0,7,높음,창원 변호사
한앤율,30,60,90,0,0,0,0,1,중간,창원 변호사
남양주법무법인,10,80,90,0.1,1.6,0.56,2.17,10,높음,창원 변호사
구미법무법인,30,60,90,0.2,1.8,0.61,3.16,10,높음,창원 변호사
부산성추행전문변호사,60,20,80,0,0,0,0,3,높음,창원 성범죄 변호사
인천성폭행변호사,70,10,80,0,0,0,0,7,높음,창원 성범죄 변호사
창원변호사상담,60,20,80,0,0.4,0,2.23,10,높음,창원 검사출신 변호사 | 창원 형사전문변호사 | 창원 음주운전 변호사 | 창원 이혼 변호사 | 창원 변호사
수원형사사건변호사,70,10,80,0,0,0,0,7,높음,창원 검사출신 변호사 | 창원 형사전문변호사 | 창원 형사 변호사
김포변호사사무실,20,60,80,0.6,3.6,3.01,5.46,7,높음,창원 형사전문변호사 | 창원 형사 변호사
의정부음주운전전문변호사,70,10,80,0,0.2,0,1.25,7,높음,창원 음주운전 변호사
광주민사전문변호사,20,60,80,0.1,1.6,0.55,2.63,7,높음,창원 사기 변호사
대전이혼전문,< 10,70,80,0,2.2,0,3.19,10,높음,창원 이혼 변호사
울산상속변호사,70,< 10,80,0.1,0,0.2,0,7,높음,창원 이혼 변호사 | 창원 변호사
인천이혼,< 10,70,80,0,2,0,2.6,7,높음,창원 이혼 변호사
청주이혼상담,50,30,80,0.1,1.2,0.19,5,10,높음,창원 이혼 변호사
YK법무법인부산,10,70,80,0.6,2.5,3.08,3.34,7,높음,창원 이혼 변호사
인천가정법원변호사,40,40,80,0.1,2.2,0.32,6.12,7,높음,창원 이혼 변호사
남양주법률상담,70,10,80,0.2,0,0.23,0,6,중간,창원 이혼 변호사
창원개인파산,60,20,80,0.2,0.9,0.31,3.26,10,높음,창원 이혼 변호사
대구상간녀소송,50,30,80,0.1,1.6,0.19,5.52,10,높음,창원 이혼 변호사
마약상담,20,60,80,0.3,0.2,1.31,0.34,10,높음,마약 변호사
명예훼손사례,10,70,80,0,0.2,0,0.32,7,높음,사이버 명예훼손 변호사 | 모욕죄 변호사
무고죄고소장,40,40,80,0,0.6,0,1.47,7,높음,모욕죄 변호사
외국인이혼소송,70,< 10,80,0,0,0,0,7,높음,재산분할 변호사
이혼기각,10,70,80,0,1,0,1.34,10,높음,재산분할 변호사
상주변호사,20,60,80,0,1.6,0,2.91,10,높음,창원 변호사
수원법률상담,40,40,80,0,0.4,0,0.87,10,높음,창원 변호사
양주변호사,10,70,80,1,1.2,9.1,1.65,10,높음,창원 변호사
천안로펌,70,10,80,0.3,1.2,0.38,7.06,7,높음,창원 변호사
광양변호사,30,50,80,0.1,1.2,0.3,2.36,10,높음,창원 변호사
광주변호사사무실,10,70,80,0,1.4,0,2.65,10,높음,창원 변호사
평택변호사사무실,40,40,80,0.4,2.6,0.87,5.78,10,높음,창원 변호사
강릉법률사무소,20,60,80,0.3,1.6,1.37,2.54,10,높음,창원 변호사
강릉형사변호사,20,60,80,0.4,2.8,1.87,4.31,7,높음,창원 변호사
춘천법률사무소,20,60,80,0,3.2,0,5.25,10,높음,창원 변호사
정읍변호사,< 10,70,80,0,2.8,0,4.06,10,높음,창원 변호사
강릉법무법인,40,40,80,0.5,2.4,1.11,5.59,10,높음,창원 변호사
경산변호사,10,70,80,0.1,1.8,0.72,2.61,10,높음,창원 변호사
법무법인창원,10,60,70,0,1.9,0,2.85,4,중간,창원 검사출신 변호사 | 창원 형사전문변호사 | 창원 음주운전 변호사 | 창원 이혼 변호사 | 창원 변호사
부산아동학대변호사,40,30,70,0.1,2.8,0.23,10.77,10,높음,창원 형사전문변호사 | 창원 음주운전 변호사 | 창원 형사 변호사 | 창원 변호사
광주음주운전전문변호사,60,10,70,0,0.6,0,5,7,높음,창원 음주운전 변호사
김해이혼변호사,30,40,70,0,1.4,0,3.79,10,높음,창원 이혼 변호사 | 창원 변호사
창원상간소송,30,40,70,0,1,0,2.71,7,높음,창원 이혼 변호사 | 창원 변호사
부산여성변호사,10,60,70,0,0.8,0,1.82,7,높음,창원 이혼 변호사
파주이혼전문변호사,40,30,70,0.2,0.6,0.48,2,10,높음,창원 이혼 변호사
세종이혼변호사,20,50,70,0.1,3,0.48,5.56,10,높음,창원 이혼 변호사
일산민사전문변호사,40,30,70,0,0.2,0,0.65,8,중간,창원 이혼 변호사
양도세수수료,30,40,70,0.9,0.5,2.73,1.25,10,높음,창원 이혼 변호사
대구이혼상담,30,40,70,0,1.6,0,3.81,10,높음,창원 이혼 변호사
광교이혼전문변호사,10,60,70,0,2.2,0,3.61,7,높음,창원 이혼 변호사
마약법,30,40,70,0,0,0,0,7,높음,마약 변호사
마약류관리에관한법률위반,40,30,70,0,0,0,0,7,높음,마약 변호사
악플러고소,20,50,70,0,0,0,0,7,높음,사이버 명예훼손 변호사 | 모욕죄 변호사
상해고소,10,60,70,0,0.2,0,0.33,7,높음,사이버 명예훼손 변호사 | 모욕죄 변호사
창원가사변호사,< 10,60,70,0,1.2,0,1.8,7,높음,창원 가사 변호사
울산변호사사무실,20,50,70,0,1,0,1.82,10,높음,창원 변호사
안산변호사상담,20,50,70,0.3,3.6,1.15,6.93,7,높음,창원 변호사
삼척변호사,< 10,60,70,0.1,1.4,1.3,2.38,10,높음,창원 변호사
순천법률사무소,20,50,70,0.2,0.3,0.84,0.43,10,높음,창원 변호사
청주로펌,10,60,70,0,1.6,0,2.72,10,높음,창원 변호사
청주변호사상담,50,20,70,0.1,0.8,0.18,3.48,10,높음,창원 변호사
공주변호사,40,30,70,0.5,1.8,1.29,6.21,10,높음,창원 변호사
광주변호사사무소,< 10,60,70,0,0.6,0,1.06,7,높음,창원 변호사
남양주변호사사무실,20,50,70,0,0.6,0,1.2,10,높음,창원 변호사
법무법인수원,10,60,70,0.3,2.6,2.05,4.43,7,높음,창원 변호사
순천형사변호사,20,50,70,0.1,1.9,0.56,3.63,7,높음,창원 변호사
춘천변호사상담,40,30,70,0.3,2,0.74,6.14,7,높음,창원 변호사
포천변호사,10,60,70,0,1.4,0,2.09,10,높음,창원 변호사
배곧변호사,< 10,60,70,0,0,0,0,3,높음,창원 변호사
부산손해배상변호사,40,30,70,0.6,1.6,1.37,5.48,7,높음,창원 변호사
서귀포변호사,10,60,70,0.1,1.9,0.81,3.11,10,높음,창원 변호사
논산변호사,20,50,70,0,2,0,3.85,10,높음,창원 변호사
창원민사소송변호사,50,< 10,60,0,0,0,0,10,높음,창원 성범죄 변호사 | 창원 형사 변호사 | 창원 변호사
광주성추행변호사,50,10,60,0,0.3,0,1.86,3,높음,창원 성범죄 변호사
울산민사전문변호사,40,20,60,0.9,0.2,2.05,0.8,7,높음,창원 성범죄 변호사 | 창원 형사전문변호사 | 창원 형사 변호사 | 창원 변호사
대전법무법인YK,10,50,60,0.4,2.8,3.3,5.19,7,높음,창원 성범죄 변호사
김해법률사무소,< 10,50,60,0,2.2,0,4.4,10,높음,창원 검사출신 변호사 | 창원 형사전문변호사 | 창원 음주운전 변호사 | 창원 이혼 변호사 | 창원 변호사
김해음주운전변호사,50,10,60,0,0.2,0,2,7,높음,창원 형사전문변호사 | 창원 음주운전 변호사 | 창원 이혼 변호사 | 창원 형사 변호사 | 창원 변호사
창원상속변호사,30,30,60,0.3,1.6,0.91,5.34,10,높음,창원 형사전문변호사 | 창원 음주운전 변호사 | 창원 이혼 변호사 | 창원 변호사
대전음주운전전문변호사,50,< 10,60,0,0.4,0,8,7,높음,창원 음주운전 변호사
충주음주운전변호사,40,20,60,0,1.2,0,6.53,3,높음,창원 음주운전 변호사
청주상속전문변호사,20,40,60,0.7,3.8,2.96,8.59,8,중간,창원 사기 변호사
춘천이혼변호사,30,30,60,0,1.6,0,4.85,10,높음,창원 이혼 변호사
평택상속전문변호사,50,10,60,0,0.8,0,6.35,9,높음,창원 이혼 변호사
동탄이혼전문변호사,30,30,60,0.4,1.6,1.15,4.85,10,높음,창원 이혼 변호사
평택시변호사,10,50,60,0.2,0,2,0,5,중간,창원 이혼 변호사
서산이혼변호사,30,30,60,0,2.4,0,8,10,높음,창원 이혼 변호사
마약사범형량,20,40,60,0,1.2,0,2.67,10,높음,마약 변호사
명예회손,20,40,60,0.1,0,0.48,0,10,높음,사이버 명예훼손 변호사 | 모욕죄 변호사
인터넷명예훼손,20,40,60,0.1,0.4,0.72,0.86,7,높음,사이버 명예훼손 변호사 | 모욕죄 변호사
사이버명예훼손죄,20,40,60,0,0.2,0,0.57,10,높음,사이버 명예훼손 변호사 | 모욕죄 변호사
온라인명예훼손,30,30,60,0.4,0.2,1.43,0.59,7,높음,사이버 명예훼손 변호사 | 모욕죄 변호사
대구사기전문변호사,40,20,60,0,0.8,0,4,10,높음,모욕죄 변호사
협의상속,20,40,60,0.1,0,0.56,0,10,높음,재산분할 변호사
과거양육비,20,40,60,0,0.4,0,0.86,10,높음,재산분할 변호사
이혼절차서류,30,30,60,0,0.4,0,1.52,10,높음,재산분할 변호사
통영변호사사무실,10,50,60,0,2.6,0,5.59,10,높음,창원 변호사
거제도변호사,10,50,60,0,1.9,0,3.82,6,중간,창원 변호사
창녕변호사,50,10,60,0,0,0,0,7,높음,창원 변호사
해남변호사,30,30,60,0.3,1.4,0.97,3.89,7,높음,창원 변호사
허동진변호사,10,50,60,0,0,0,0,0,낮음,창원 변호사
안산변호사사무실,20,40,60,0.7,4.2,2.92,9.34,10,높음,창원 변호사
명지변호사사무실,10,50,60,0,1.3,0,2.7,7,높음,창원 변호사
부산통매음변호사,30,30,60,0,0.6,0,2.07,7,높음,창원 변호사
영주변호사,10,50,60,0.3,2.2,1.59,4.16,7,높음,창원 변호사
양산변호사사무실,< 10,50,60,0,2.8,0,5.6,10,높음,창원 변호사
서산이혼전문변호사,30,30,60,0.2,1.3,0.58,3.51,10,높음,창원 변호사
인천사기전문변호사,30,30,60,0.6,0.4,2.05,1.34,7,높음,창원 변호사
법무법인청주,10,50,60,0.2,1.9,1.14,3.52,6,중간,창원 변호사
황민호변호사,10,50,60,0,0,0,0,0,낮음,창원 변호사
청주법률상담,10,50,60,0,2,0,4.35,10,높음,창원 변호사
울산김태우변호사,< 10,50,60,0,0,0,0,0,낮음,창원 변호사
법무법인평택,< 10,50,60,0.1,1.9,1.82,3.89,7,높음,창원 변호사
부산성범죄,20,30,50,0,0.4,0,1.3,7,높음,창원 성범죄 변호사 | 창원 형사전문변호사 | 창원 형사 변호사
성산법률사무소,10,40,50,0.3,3.1,2.16,7.64,6,중간,창원 검사출신 변호사 | 창원 형사전문변호사 | 창원 음주운전 변호사 | 창원 이혼 변호사 | 창원 변호사
밀양변호사,10,40,50,0.1,0.6,0.84,1.63,10,높음,창원 검사출신 변호사 | 창원 형사전문변호사 | 창원 이혼 변호사 | 창원 변호사
YK인천,< 10,40,50,0,1.8,0,4.27,5,중간,창원 형사전문변호사 | 창원 형사 변호사
부산연제구변호사,10,40,50,0,0,0,0,4,중간,창원 형사전문변호사 | 창원 형사 변호사 | 창원 변호사
대전아동학대변호사,30,20,50,0.3,1.1,1.05,4.81,7,높음,창원 형사전문변호사 | 창원 형사 변호사
광주교통사고전문변호사,30,20,50,0.1,3,0.32,13.64,10,높음,창원 음주운전 변호사
광주민사소송,< 10,40,50,0.1,0,2.86,0,7,높음,창원 사기 변호사
분당이혼변호사,10,40,50,0.1,1.2,1.1,2.86,7,높음,창원 이혼 변호사
시흥이혼전문변호사,30,20,50,0.3,0.4,0.82,1.74,7,높음,창원 이혼 변호사
송파이혼전문변호사,10,40,50,0,0.6,0,1.94,7,높음,창원 이혼 변호사
고양시이혼전문변호사,30,20,50,0.2,0.2,0.67,0.87,10,높음,창원 이혼 변호사
인천이혼상담변호사,40,10,50,0,0.2,0,2.09,7,높음,창원 이혼 변호사
수원이혼전문,10,40,50,0.3,3.2,4.29,8.43,10,높음,창원 이혼 변호사
재혼상담,< 10,40,50,0,0.6,0,1.5,10,높음,창원 이혼 변호사
도박죄공소시효,< 10,40,50,0,0.2,0,0.48,7,높음,마약 변호사
사이버명예훼손고소,20,30,50,0,1.2,0,3.51,10,높음,사이버 명예훼손 변호사 | 모욕죄 변호사
모욕죄고소장,20,30,50,0,0,0,0,7,높음,사이버 명예훼손 변호사 | 모욕죄 변호사
모욕죄변호사,10,40,50,0.8,2.4,6.16,5.34,10,높음,사이버 명예훼손 변호사 | 모욕죄 변호사
보복운전경찰조사,30,20,50,0,0.3,0,1.34,4,중간,사이버 명예훼손 변호사 | 모욕죄 변호사
이혼공증,10,40,50,0.1,0.8,1.3,2.06,7,높음,재산분할 변호사
이혼서류다운,30,20,50,0.6,0.3,1.85,1.05,7,높음,재산분할 변호사
합의이혼시서류,< 10,40,50,0,0.8,0,2.21,7,높음,재산분할 변호사
이혼사실확인서,30,20,50,0,0,0,0,10,높음,재산분할 변호사
국제이혼전문변호사,40,10,50,0.4,0.6,0.98,4,7,높음,재산분할 변호사
가정상담소,10,40,50,0,1.4,0,3.26,7,높음,재산분할 변호사
상속재산분할변호사,40,10,50,1.6,0.4,3.5,3.08,7,높음,재산분할 변호사
소송이혼서류,10,40,50,0,0,0,0,3,높음,재산분할 변호사
진주시변호사,20,30,50,0.3,1.2,1.69,4.14,7,높음,창원 변호사
이가령변호사,10,40,50,0,0,0,0,0,낮음,창원 변호사
진천변호사,20,30,50,0,0.9,0,3.07,4,중간,창원 변호사
대구행정변호사,30,20,50,0,0.4,0,1.84,7,높음,창원 변호사
동해시변호사,< 10,40,50,0,2.8,0,7.06,7,높음,창원 변호사
송내역변호사,10,40,50,0,0.3,0,0.79,4,중간,창원 변호사
동해변호사,10,40,50,0,1.8,0,3.92,10,높음,창원 변호사
법무법인천안,< 10,40,50,0,1.7,0,5.18,5,중간,창원 변호사
삼성역변호사,30,20,50,0.3,0.8,1.08,3.74,10,높음,창원 변호사
동해개인회생,40,< 10,50,0,0,0,0,7,높음,창원 변호사
동두천변호사,10,40,50,0.1,0.8,0.84,2,10,높음,창원 변호사
부산명예훼손변호사,30,20,50,0,0.4,0,1.6,7,높음,창원 변호사
의정부법률상담,30,20,50,0,0.6,0,2.23,7,높음,창원 변호사
울산무료법률상담,10,40,50,0.2,1,1.06,2.71,10,높음,창원 변호사
부천민사전문변호사,10,40,50,0.6,0.2,4.77,0.47,7,높음,창원 변호사
대구변호사상담비용,10,40,50,0,2.2,0,5.12,7,높음,창원 변호사
화성변호사,20,30,50,0.5,1.6,2.09,4.33,10,높음,창원 변호사
사하구변호사,< 10,30,40,0,3,0,10,10,높음,창원 성범죄 변호사 | 창원 형사전문변호사 | 창원 형사 변호사 | 창원 변호사
성희롱변호사,30,10,40,0,0.2,0,1.67,10,높음,창원 성범죄 변호사
전주검사출신변호사,< 10,30,40,0,0,0,0,0,낮음,창원 검사출신 변호사 | 창원 형사전문변호사 | 창원 변호사
창원이혼상담,10,30,40,0,0.2,0,0.61,10,높음,창원 검사출신 변호사 | 창원 형사전문변호사 | 창원 음주운전 변호사 | 창원 이혼 변호사 | 창원 형사 변호사 | 창원 변호사
목포형사변호사,20,20,40,0,0,0,0,3,높음,창원 형사전문변호사 | 창원 형사 변호사
광교형사변호사,20,20,40,0,0.2,0,1.08,6,중간,창원 형사전문변호사 | 창원 형사 변호사
뺑소니요건,< 10,30,40,0,1.2,0,3.93,3,높음,창원 음주운전 변호사
인천파산전문변호사,< 10,30,40,0.7,3.6,17.5,12,10,높음,창원 사기 변호사
고양이혼변호사,30,10,40,0,0,0,0,7,높음,창원 이혼 변호사
인천이혼소송,30,10,40,0.3,1.2,0.96,8,7,높음,창원 이혼 변호사
수원이혼,10,30,40,0,0.8,0,3.2,10,높음,창원 이혼 변호사
오산이혼변호사,20,20,40,0,2.6,0,9.63,7,높음,창원 이혼 변호사
부산상간자소송,30,< 10,40,0,0,0,0,7,높음,창원 이혼 변호사
대전상간녀소송,20,20,40,0,1.6,0,8,10,높음,창원 이혼 변호사
양재이혼변호사,< 10,30,40,0,0.4,0,1.58,7,높음,창원 이혼 변호사
수원조정이혼변호사,30,10,40,0,0,0,0,3,높음,창원 이혼 변호사
홍성이혼전문변호사,10,30,40,0,0.4,0,1.53,7,높음,창원 이혼 변호사
광교이혼변호사,10,30,40,0.1,0.2,0.56,0.59,10,높음,창원 이혼 변호사
창원마약변호사,20,20,40,0,0.3,0,1.67,3,높음,창원 마약 변호사
마약죄,< 10,30,40,0,0,0,0,7,높음,마약 변호사
마약변호사상담,10,30,40,0,0.2,0,0.63,7,높음,마약 변호사
마약법무법인,< 10,30,40,0,0,0,0,7,높음,마약 변호사
마약구속,20,20,40,0,0,0,0,7,높음,마약 변호사
마약탄원서,< 10,30,40,0,1.7,0,4.87,7,높음,마약 변호사
양귀비재배처벌,< 10,30,40,0,0.8,0,3.08,7,높음,마약 변호사
마약전문로펌,< 10,30,40,0,0,0,0,7,높음,마약 변호사
인천아동학대변호사,20,20,40,0,0.3,0,1.25,10,높음,창원 형사 변호사
대구특수상해변호사,30,< 10,40,0,0.3,0,11.12,3,높음,창원 형사 변호사
대전명예훼손변호사,20,20,40,0.7,0.6,2.86,3.45,7,높음,사이버 명예훼손 변호사 | 모욕죄 변호사
사이버모욕죄고소,10,30,40,0,0.3,0,0.74,7,높음,사이버 명예훼손 변호사 | 모욕죄 변호사
절도변호사,10,30,40,0.4,1,3.3,3.34,7,높음,모욕죄 변호사
상속분할합의서,20,20,40,0.4,0,2.15,0,7,높음,재산분할 변호사
사실혼관계입증,20,20,40,0,0.3,0,1.09,7,높음,재산분할 변호사
이혼소송관할,30,10,40,0,0,0,0,7,높음,재산분할 변호사
법무법인이혼,10,30,40,0.2,0.2,1.43,0.72,10,높음,재산분할 변호사
양산법률사무소,< 10,30,40,0,1.6,0,4.33,10,높음,창원 변호사
압류변호사,< 10,30,40,0,1.3,0,4.47,7,높음,창원 변호사
영월변호사,10,30,40,0.3,0.8,1.88,2.23,10,높음,창원 변호사
목포법률사무소,< 10,30,40,0,1.4,0,4.67,10,높음,창원 변호사
목포법무법인,10,30,40,0.1,1.4,1.79,5.19,7,높음,창원 변호사
대구폭행변호사,20,20,40,0.3,2.2,0.99,10.68,7,높음,창원 변호사
대구무료변호사상담,< 10,30,40,0,3.3,0,10.49,10,높음,창원 변호사
서산변호사사무실,10,30,40,0,2.1,0,5.65,7,높음,창원 변호사
나주변호사,10,30,40,0.6,1.9,6.35,5.15,7,높음,창원 변호사
청주변호사사무소,10,30,40,0.1,1.6,1.2,4.71,7,높음,창원 변호사
구미시변호사,< 10,30,40,0.1,0.7,3.58,2.57,7,높음,창원 변호사
서산법률사무소,10,30,40,0.3,0.8,1.59,2.35,7,높음,창원 변호사
남원변호사,< 10,30,40,0,3,0,7.7,7,높음,창원 변호사
군산법률사무소,10,30,40,0.1,2.8,1.05,7.37,10,높음,창원 변호사
박아롱변호사,20,20,40,0,0,0,0,0,낮음,창원 변호사
동탄법무법인,10,30,40,0,0.6,0,2.4,7,높음,창원 변호사
세종시변호사사무실,10,30,40,0.1,0.8,1.79,2.5,7,높음,창원 변호사
직장내성희롱고소,< 10,20,30,0,0.3,0,1,7,높음,창원 성범죄 변호사
대구성추행전문변호사,20,10,30,0.6,0.6,2.86,5.46,7,높음,창원 성범죄 변호사
부산명지변호사,10,20,30,0.1,3,1,11.12,10,높음,창원 성범죄 변호사 | 창원 형사전문변호사 | 창원 형사 변호사 | 창원 변호사
대전변호사사무소,10,20,30,0,0.2,0,1.07,7,높음,창원 성범죄 변호사
울산검사출신변호사,10,20,30,0,0.4,0,40,7,높음,창원 검사출신 변호사 | 창원 형사전문변호사 | 창원 변호사
김해법무법인,10,20,30,0,0.6,0,2.15,7,높음,창원 검사출신 변호사 | 창원 형사전문변호사 | 창원 음주운전 변호사 | 창원 이혼 변호사 | 창원 변호사
강릉형사전문변호사,20,10,30,0,0,0,0,3,높음,창원 검사출신 변호사 | 창원 형사전문변호사 | 창원 변호사
창원군전문변호사,20,< 10,30,0,1,0,16.67,5,중간,창원 검사출신 변호사 | 창원 형사전문변호사 | 창원 음주운전 변호사 | 창원 이혼 변호사 | 창원 변호사
거제시변호사,10,20,30,0.1,1.8,1.43,6.43,7,높음,창원 검사출신 변호사 | 창원 형사전문변호사 | 창원 음주운전 변호사 | 창원 이혼 변호사 | 창원 변호사
마산법률사무소,< 10,20,30,0,0,0,0,10,높음,창원 검사출신 변호사 | 창원 형사전문변호사 | 창원 음주운전 변호사 | 창원 이혼 변호사 | 창원 변호사
김해이혼,< 10,20,30,0,0.2,0,0.91,7,높음,창원 형사전문변호사 | 창원 음주운전 변호사 | 창원 이혼 변호사 | 창원 변호사
천안YK,< 10,20,30,0,0.7,0,3.39,5,중간,창원 형사전문변호사 | 창원 형사 변호사
금정구변호사,< 10,20,30,0.1,0.2,14.29,1.18,7,높음,창원 형사전문변호사 | 창원 형사 변호사 | 창원 변호사
부산누수변호사,< 10,20,30,0.1,0.3,7.15,1.08,7,높음,창원 형사전문변호사 | 창원 형사 변호사 | 창원 변호사
부산음주변호사,< 10,20,30,0,0.6,0,3.23,10,높음,창원 음주운전 변호사
부산음주운전구제,20,10,30,0,1.6,0,11.48,7,높음,창원 음주운전 변호사
서울교통사고전문변호사,20,10,30,0,0.6,0,5,7,높음,창원 음주운전 변호사
뺑소니면허취소구제,< 10,20,30,0.2,1,5,3.85,5,중간,창원 음주운전 변호사
교통사고조사이의신청,10,20,30,0,0,0,0,3,높음,창원 음주운전 변호사
교통사고나홀로소송,< 10,20,30,0,0,0,0,3,높음,창원 음주운전 변호사
순천음주운전,< 10,20,30,0,0,0,0,7,높음,창원 음주운전 변호사
청주상속변호사,< 10,20,30,0,1.2,0,5.22,10,높음,창원 사기 변호사
류남경변호사,10,20,30,0,0,0,0,0,낮음,류남경 변호사
영장실질심사변호사,10,20,30,0.3,0,1.79,0,7,높음,영장실질심사 변호사
창원이혼,< 10,20,30,0,0.2,0,0.98,7,높음,창원 이혼 변호사 | 창원 변호사
부산조정이혼변호사,20,< 10,30,0,0.5,0,9.53,7,높음,창원 이혼 변호사
청라이혼변호사,20,10,30,0,1.7,0,11.91,3,높음,창원 이혼 변호사
청라이혼전문변호사,20,< 10,30,0,0.3,0,4.17,7,높음,창원 이혼 변호사
천안이혼,< 10,20,30,0.1,0,2.39,0,7,높음,창원 이혼 변호사
마산손해사정사,< 10,20,30,0.3,1.9,8.7,6.98,6,중간,창원 이혼 변호사 | 창원 변호사
대전이혼소송,< 10,20,30,0.1,0.6,1.12,2.73,10,높음,창원 이혼 변호사
청주이혼,< 10,20,30,0,0.2,0,0.98,10,높음,창원 이혼 변호사
인천이혼전문,10,20,30,0.4,1.6,2.86,7.28,10,높음,창원 이혼 변호사
광주이혼소송변호사,20,10,30,0.1,1,0.52,5.27,7,높음,창원 이혼 변호사
YK부산,< 10,20,30,0.5,1.8,5.89,6.74,6,중간,창원 이혼 변호사
세종시이혼전문변호사,< 10,20,30,0.1,3.5,1.34,16.67,9,높음,창원 이혼 변호사
과태료상속,10,20,30,0,0,0,0,3,높음,창원 이혼 변호사
전주이혼,< 10,20,30,0,0.3,0,1.14,7,높음,창원 이혼 변호사
심은규변호사,< 10,20,30,2,0,33.34,0,1,낮음,창원 이혼 변호사
부산법무법인YK,10,20,30,0.3,0.4,1.79,1.46,7,높음,창원 이혼 변호사
안산법률상담,10,20,30,0,2,0,7.15,7,높음,창원 이혼 변호사
인천아동학대전문변호사,< 10,20,30,0,0,0,0,0,낮음,창원 형사 변호사
명예훼손상담,< 10,20,30,0.1,2,1.67,7.7,10,높음,사이버 명예훼손 변호사 | 모욕죄 변호사
댓글명예훼손,< 10,20,30,0,0.6,0,2.89,7,높음,사이버 명예훼손 변호사 | 모욕죄 변호사
허위사실유포벌금,< 10,20,30,0,0,0,0,4,중간,사이버 명예훼손 변호사 | 모욕죄 변호사
명예훼손변호사상담,< 10,20,30,0,1.2,0,5.72,10,높음,사이버 명예훼손 변호사 | 모욕죄 변호사
모욕죄상담,< 10,20,30,0,0.8,0,4.31,0,낮음,사이버 명예훼손 변호사 | 모욕죄 변호사
명예훼손소송,10,20,30,0,0.2,0,0.92,7,높음,사이버 명예훼손 변호사 | 모욕죄 변호사
사기꾼고소,10,20,30,0.1,0.2,1.59,0.8,7,높음,사이버 명예훼손 변호사 | 모욕죄 변호사
합의변호사,< 10,20,30,0.1,0.4,5,1.69,10,높음,사이버 명예훼손 변호사 | 모욕죄 변호사
포렌식변호사,20,10,30,0.6,1.2,3.18,7.5,7,높음,사이버 명예훼손 변호사 | 모욕죄 변호사
대구전세사기변호사,20,< 10,30,0,0,0,0,7,높음,모욕죄 변호사
형사사건합의서,20,10,30,0.1,0.2,0.72,1.82,7,높음,모욕죄 변호사
보복운전판례,10,20,30,0,0,0,0,6,중간,모욕죄 변호사
이혼연금분할,10,20,30,0,0,0,0,7,높음,재산분할 변호사
재산분할전문변호사,< 10,20,30,0,2,0,9.1,10,높음,재산분할 변호사
부부각서,< 10,20,30,0,0,0,0,7,높음,재산분할 변호사
파혼손해배상,10,20,30,0,0,0,0,7,높음,재산분할 변호사
합의이혼신고서,20,10,30,0,0.5,0,3.85,7,높음,재산분할 변호사
협의이혼무료상담,10,20,30,0.3,1.9,2.6,8.83,7,높음,재산분할 변호사
이혼전화상담,10,20,30,0.1,1.8,1.1,8.19,7,높음,재산분할 변호사
평택이혼,< 10,20,30,0.4,0.2,8,0.8,10,높음,재산분할 변호사
이혼대행,< 10,20,30,0,1,0,4.35,7,높음,재산분할 변호사
불륜상담,< 10,20,30,0,1.2,0,4.8,7,높음,재산분할 변호사
김해형사변호사,20,10,30,0.1,0.8,0.63,6.67,7,높음,창원 변호사
장수영변호사,< 10,20,30,0,0,0,0,0,낮음,창원 변호사
양평변호사,10,20,30,0.1,1,1.1,5.27,7,높음,창원 변호사
고흥변호사,< 10,20,30,0.1,1.2,3.58,5,7,높음,창원 변호사
양산시변호사,10,20,30,0.1,0.8,1.43,3.41,7,높음,창원 변호사
순천YK,< 10,20,30,0,2.2,0,10.13,5,중간,창원 변호사
부산변호사비용,< 10,20,30,0,1.9,0,6.88,7,높음,창원 변호사
여수법무법인,< 10,20,30,0,0.6,0,2.9,7,높음,창원 변호사
구리시변호사,10,20,30,0.1,0.4,1.2,1.91,7,높음,창원 변호사
경기광주변호사사무실,< 10,20,30,0.1,0.6,2.05,2.23,7,높음,창원 변호사
울산동구변호사,< 10,20,30,0.2,1.3,11.77,4.81,9,높음,창원 변호사
평택법률상담,10,20,30,0,0.2,0,0.71,7,높음,창원 변호사
법무법인안산,< 10,20,30,0,1,0,3.58,3,중간,창원 변호사
문경변호사,10,20,30,0,0.4,0,1.6,7,높음,창원 변호사
강원도변호사,10,20,30,0,0.4,0,2.03,7,높음,창원 변호사
송도로펌,10,20,30,0.1,0.4,0.8,1.57,7,높음,창원 변호사
목포변호사사무실,< 10,20,30,0,0,0,0,10,높음,창원 변호사
안산시변호사,20,10,30,1.4,0.8,6.22,5.34,7,높음,창원 변호사
목포변호사상담,20,10,30,0,0.8,0,5.34,7,높음,창원 변호사
천안시변호사,< 10,20,30,0,0.8,0,2.97,7,높음,창원 변호사
울릉도변호사,< 10,20,30,0,0,0,0,2,중간,창원 변호사
서산법무법인,< 10,20,30,0,0.3,0,1.39,7,높음,창원 변호사
교대법률사무소,10,20,30,0.1,0.2,0.53,0.75,10,높음,창원 변호사
대구소송,< 10,20,30,0,0,0,0,3,높음,창원 변호사
군산합동법률사무소,10,20,30,0,0,0,0,0,낮음,창원 변호사
전주김기태변호사,< 10,20,30,0,0,0,0,0,낮음,창원 변호사
정왕동변호사,< 10,20,30,0,1.4,0,7.08,7,높음,창원 변호사
대구통매음변호사,20,< 10,30,0.2,0,0.83,0,6,중간,창원 변호사
부산무료변호사상담,< 10,20,30,0,1.3,0,5.44,7,높음,창원 변호사
부천법률상담,10,20,30,0,1,0,5,7,높음,창원 변호사
수원성범죄전문,< 10,< 10,20,0,0,0,0,7,높음,창원 성범죄 변호사
통매음고소장작성,< 10,< 10,20,0,0,0,0,7,높음,창원 성범죄 변호사
인천성폭력변호사,10,< 10,20,0,0,0,0,7,높음,창원 성범죄 변호사
수원통매음,< 10,< 10,20,0,0,0,0,7,높음,창원 성범죄 변호사
대전성추행전문변호사,< 10,10,20,0,0.2,0,2.23,7,높음,창원 성범죄 변호사
김해민사변호사,< 10,10,20,0,0.4,0,5,7,높음,창원 성범죄 변호사 | 창원 형사전문변호사 | 창원 형사 변호사 | 창원 변호사
광주성폭행전문변호사,< 10,< 10,20,0,0.7,0,14.29,0,낮음,창원 성범죄 변호사
창원민사소송,< 10,< 10,20,0.3,0,3.18,0,7,높음,창원 성범죄 변호사 | 창원 형사전문변호사 | 창원 형사 변호사 | 창원 변호사
부산동부지원변호사,< 10,< 10,20,0,0,0,0,0,낮음,창원 성범죄 변호사 | 창원 검사출신 변호사 | 창원 형사전문변호사 | 창원 음주운전 변호사 | 창원 형사 변호사 | 창원 변호사
창원행정소송변호사,< 10,< 10,20,0,0.4,0,5.27,7,높음,창원 성범죄 변호사 | 창원 형사전문변호사 | 창원 형사 변호사 | 창원 변호사
창원전관변호사,< 10,< 10,20,0,0,0,0,0,낮음,창원 성범죄 변호사 | 창원 형사전문변호사 | 창원 음주운전 변호사 | 창원 형사 변호사 | 창원 변호사
부산공무집행방해,< 10,< 10,20,0,0,0,0,0,낮음,창원 성범죄 변호사 | 창원 검사출신 변호사 | 창원 형사전문변호사 | 창원 형사 변호사 | 창원 변호사
부산전관변호사,< 10,< 10,20,0,0,0,0,0,낮음,창원 성범죄 변호사 | 창원 검사출신 변호사 | 창원 형사전문변호사 | 창원 형사 변호사 | 창원 변호사
부산서부변호사,< 10,< 10,20,0.1,0.3,4.77,6.25,7,높음,창원 성범죄 변호사 | 창원 형사전문변호사 | 창원 형사 변호사 | 창원 변호사
통매음상담,< 10,< 10,20,0,0.6,0,6.67,7,높음,창원 성범죄 변호사
부산하단변호사,< 10,< 10,20,0,0,0,0,0,낮음,창원 성범죄 변호사 | 창원 형사전문변호사 | 창원 형사 변호사 | 창원 변호사
부산강서구변호사,10,< 10,20,0.3,0.8,2.6,11.43,7,높음,창원 성범죄 변호사 | 창원 형사전문변호사 | 창원 형사 변호사 | 창원 변호사
부산서부지원변호사,10,10,20,0,0.8,0,5.34,7,높음,창원 성범죄 변호사 | 창원 형사전문변호사 | 창원 형사 변호사 | 창원 변호사
창원여성변호사,< 10,< 10,20,0,0,0,0,0,낮음,창원 성범죄 변호사 | 창원 형사전문변호사 | 창원 이혼 변호사 | 창원 변호사
부산판사출신변호사,< 10,< 10,20,0,0,0,0,0,낮음,창원 성범죄 변호사 | 창원 검사출신 변호사 | 창원 형사전문변호사 | 창원 형사 변호사 | 창원 변호사
제주도성범죄변호사,< 10,< 10,20,0,0,0,0,7,높음,창원 성범죄 변호사
제주유류분변호사,< 10,< 10,20,0,0,0,0,5,중간,창원 성범죄 변호사
울산판사출신변호사,< 10,< 10,20,0,0,0,0,0,낮음,창원 성범죄 변호사 | 창원 형사전문변호사 | 창원 형사 변호사 | 창원 변호사
창원판사출신변호사,< 10,< 10,20,0,0,0,0,0,낮음,창원 성범죄 변호사 | 창원 검사출신 변호사 | 창원 형사전문변호사 | 창원 형사 변호사 | 창원 변호사
창원명도소송,10,< 10,20,0,0,0,0,7,높음,창원 성범죄 변호사 | 창원 형사전문변호사 | 창원 이혼 변호사 | 창원 변호사
부산의료변호사,< 10,10,20,0.2,1.5,4,10,10,높음,창원 성범죄 변호사 | 창원 형사전문변호사 | 창원 형사 변호사 | 창원 변호사
대구전관변호사,< 10,< 10,20,0,0,0,0,0,낮음,창원 성범죄 변호사 | 창원 검사출신 변호사 | 창원 형사전문변호사 | 창원 형사 변호사 | 창원 변호사
창원성폭력변호사,< 10,< 10,20,0,0,0,0,0,낮음,창원 성폭력 변호사
창원검사출신변호사,< 10,< 10,20,0,0,0,0,0,낮음,창원 검사출신 변호사 | 창원 형사전문변호사 | 창원 음주운전 변호사 | 창원 형사 변호사 | 창원 변호사
부산검사출신변호사,< 10,< 10,20,0,0,0,0,0,낮음,창원 검사출신 변호사 | 창원 형사전문변호사 | 창원 형사 변호사 | 창원 변호사
수원검사출신변호사,< 10,< 10,20,0,0,0,0,0,낮음,창원 검사출신 변호사
청주검사출신변호사,< 10,< 10,20,0,0,0,0,0,낮음,창원 검사출신 변호사 | 창원 형사전문변호사 | 창원 변호사
의왕시변호사,< 10,< 10,20,0,0,0,0,7,높음,창원 검사출신 변호사 | 창원 형사전문변호사 | 창원 이혼 변호사 | 창원 변호사
부산형사사건,< 10,< 10,20,0,0,0,0,7,높음,창원 검사출신 변호사 | 창원 형사전문변호사 | 창원 형사 변호사 | 창원 변호사
부산형사전문,< 10,< 10,20,0,0,0,0,0,낮음,창원 검사출신 변호사 | 창원 형사전문변호사 | 창원 사기 변호사 | 창원 형사 변호사 | 창원 변호사
울산전관변호사,< 10,< 10,20,0,0,0,0,0,낮음,창원 검사출신 변호사 | 창원 형사전문변호사 | 창원 형사 변호사 | 창원 변호사
창원변호사추천,< 10,< 10,20,0,0,0,0,0,낮음,창원 검사출신 변호사 | 창원 형사전문변호사 | 창원 음주운전 변호사 | 창원 이혼 변호사 | 창원 변호사
양평군변호사,10,< 10,20,0.6,0,5.2,0,7,높음,창원 검사출신 변호사 | 창원 형사전문변호사 | 창원 음주운전 변호사 | 창원 이혼 변호사 | 창원 변호사
남부법원변호사,< 10,10,20,0,0.5,0,3.34,7,높음,창원 검사출신 변호사 | 창원 형사전문변호사
성산변호사,< 10,< 10,20,0,0,0,0,0,낮음,창원 검사출신 변호사 | 창원 형사전문변호사 | 창원 음주운전 변호사 | 창원 이혼 변호사 | 창원 변호사
창원지방법원변호사,10,< 10,20,0,0,0,0,7,높음,창원 검사출신 변호사 | 창원 형사전문변호사 | 창원 음주운전 변호사 | 창원 이혼 변호사 | 창원 변호사
진해법률사무소,< 10,< 10,20,0,0.2,0,2.86,7,높음,창원 검사출신 변호사 | 창원 형사전문변호사 | 창원 음주운전 변호사 | 창원 이혼 변호사 | 창원 변호사
함안변호사,< 10,< 10,20,0,0,0,0,7,높음,창원 검사출신 변호사 | 창원 형사전문변호사 | 창원 음주운전 변호사 | 창원 이혼 변호사 | 창원 변호사
부산형사사건전문변호사,10,< 10,20,0,0.4,0,20,7,높음,창원 검사출신 변호사 | 창원 형사전문변호사 | 창원 형사 변호사 | 창원 변호사
울산시변호사,< 10,< 10,20,0,0.5,0,10,7,높음,창원 검사출신 변호사 | 창원 형사전문변호사 | 창원 변호사
부산경찰출신변호사,< 10,< 10,20,0,0,0,0,0,낮음,창원 검사출신 변호사 | 창원 형사전문변호사 | 창원 사기 변호사 | 창원 변호사
김해변호사상담,< 10,10,20,0,1,0,8.34,7,높음,창원 검사출신 변호사 | 창원 형사전문변호사 | 창원 음주운전 변호사 | 창원 이혼 변호사 | 창원 변호사
대구판사출신변호사,< 10,< 10,20,0,0,0,0,0,낮음,창원 검사출신 변호사 | 창원 형사전문변호사 | 창원 형사 변호사 | 창원 변호사
김해시변호사,< 10,10,20,0,0.6,0,4.62,7,높음,창원 검사출신 변호사 | 창원 형사전문변호사 | 창원 음주운전 변호사 | 창원 이혼 변호사 | 창원 변호사
대구검사출신변호사,< 10,< 10,20,0,0,0,0,0,낮음,창원 검사출신 변호사 | 창원 변호사
창원이혼소송,10,< 10,20,0,0.2,0,2.64,7,높음,창원 검사출신 변호사 | 창원 형사전문변호사 | 창원 음주운전 변호사 | 창원 이혼 변호사 | 창원 형사 변호사 | 창원 변호사
창원성추행전문변호사,10,< 10,20,0,0,0,0,7,높음,창원 형사전문변호사 | 창원 음주운전 변호사 | 창원 형사 변호사 | 창원 변호사
대전형사전문,< 10,< 10,20,0.3,0,14.29,0,7,높음,창원 형사전문변호사 | 창원 음주운전 변호사 | 창원 형사 변호사 | 창원 변호사
부산직장내괴롭힘,< 10,10,20,0,0,0,0,7,높음,창원 형사전문변호사 | 창원 음주운전 변호사 | 창원 형사 변호사 | 창원 변호사
대전형사사건전문변호사,< 10,< 10,20,0.1,0.5,2.86,15.39,7,높음,창원 형사전문변호사 | 창원 형사 변호사
영등포형사변호사,< 10,< 10,20,0,0.3,0,12.5,7,높음,창원 형사전문변호사 | 창원 형사 변호사
김해변호사사무실,10,10,20,0,0.2,0,1.59,10,높음,창원 형사전문변호사 | 창원 음주운전 변호사 | 창원 형사 변호사 | 창원 변호사
인천지방변호사,10,< 10,20,0,0,0,0,5,중간,창원 형사전문변호사 | 창원 형사 변호사
창원행정변호사,< 10,< 10,20,0,0.2,0,2.86,0,낮음,창원 형사전문변호사 | 창원 형사 변호사 | 창원 변호사
서울검사출신변호사,< 10,< 10,20,0,0,0,0,0,낮음,창원 형사전문변호사 | 창원 형사 변호사
강서구형사변호사,< 10,10,20,0,0.3,0,1.67,7,높음,창원 형사전문변호사 | 창원 형사 변호사
울산아동학대변호사,< 10,< 10,20,0,0,0,0,7,높음,창원 형사전문변호사 | 창원 형사 변호사
울산변호사추천,< 10,< 10,20,0,0,0,0,0,낮음,창원 형사전문변호사 | 창원 변호사
울산스토킹,< 10,< 10,20,0,0,0,0,0,낮음,창원 형사전문변호사 | 창원 변호사
송도법인설립,< 10,< 10,20,0.1,0.3,2.13,8.34,7,높음,창원 형사전문변호사 | 창원 형사 변호사
대전여성변호사,< 10,10,20,0,0.5,0,4.55,7,높음,창원 형사전문변호사 | 창원 형사 변호사 | 창원 변호사
살인사건변호사,< 10,< 10,20,0,0.3,0,4.17,7,높음,창원 형사전문변호사 | 창원 형사 변호사 | 창원 변호사
창원이혼전문,< 10,< 10,20,0,0,0,0,7,높음,창원 형사전문변호사 | 창원 이혼 변호사 | 창원 변호사
서부산변호사,< 10,10,20,0.1,1,14.29,8.34,7,높음,창원 형사전문변호사 | 창원 형사 변호사 | 창원 변호사
대전전관변호사,< 10,< 10,20,0,0,0,0,0,낮음,창원 형사전문변호사 | 창원 변호사
대전학교폭력전문변호사,10,< 10,20,0.1,0,1.3,0,7,높음,창원 형사전문변호사
통영법률사무소,< 10,10,20,0,0.4,0,2.3,7,높음,창원 형사전문변호사 | 창원 변호사
통영법무법인,10,10,20,0,0.5,0,3.85,7,높음,창원 형사전문변호사 | 창원 변호사
대구아동학대변호사,< 10,< 10,20,0.3,0.2,4.35,2.28,7,높음,창원 형사전문변호사 | 창원 형사 변호사
광명교통사고변호사,< 10,< 10,20,0,0,0,0,0,낮음,창원 음주운전 변호사
인천음주변호사,< 10,10,20,0,0.4,0,5,7,높음,창원 음주운전 변호사
물피도주변호사,< 10,10,20,0,0.5,0,3.34,7,높음,창원 음주운전 변호사
음주운전2회기준,< 10,10,20,0,0,0,0,7,높음,창원 음주운전 변호사
집행유예중무면허운전,< 10,10,20,0,0,0,0,7,높음,창원 음주운전 변호사
음주운전반성문예시글,< 10,< 10,20,0,0,0,0,0,낮음,창원 음주운전 변호사
교통사고소액소송,< 10,< 10,20,0,0,0,0,0,낮음,창원 음주운전 변호사
강릉음주운전변호사,10,10,20,0,0.2,0,2.05,7,높음,창원 음주운전 변호사
광교교통사고변호사,10,< 10,20,0,0,0,0,3,높음,창원 음주운전 변호사
인천도산전문변호사,< 10,< 10,20,0.4,1,8.58,12.13,7,높음,창원 사기 변호사
대전성년후견인,< 10,< 10,20,0,0,0,0,5,중간,창원 사기 변호사
광주도산전문변호사,< 10,< 10,20,0,0.6,0,7.15,7,높음,창원 사기 변호사
수원도산전문변호사,10,10,20,0.1,3.2,1.3,17.78,7,높음,창원 사기 변호사
의정부도산전문변호사,< 10,< 10,20,0,2,0,28.58,7,높음,창원 사기 변호사
대전행정소송,< 10,< 10,20,0.1,0.4,7.15,8,7,높음,창원 사기 변호사
대전강제집행,< 10,< 10,20,0,0.3,0,3.71,7,높음,창원 사기 변호사
대전지급명령,< 10,< 10,20,0,0.5,0,12.5,7,높음,창원 사기 변호사
창원조세변호사,< 10,< 10,20,0,0,0,0,7,높음,창원 조세 변호사
창원기술유출변호사,< 10,< 10,20,0,0,0,0,0,낮음,창원 기술유출 변호사
창원횡령배임변호사,< 10,< 10,20,0,0,0,0,0,낮음,창원 횡령 배임 변호사
경남검사출신변호사,< 10,< 10,20,0,0,0,0,0,낮음,경남 검사출신 변호사
부부장검사출신변호사,< 10,< 10,20,0,0,0,0,0,낮음,부부장검사 출신 변호사
검찰조사변호인,< 10,< 10,20,0,0,0,0,0,낮음,검찰조사 변호인
압수수색대응,< 10,< 10,20,0,0,0,0,3,높음,압수수색 대응
창원명예훼손변호사,< 10,< 10,20,0,0,0,0,7,높음,창원 명예훼손 변호사
해운대이혼전문변호사,< 10,< 10,20,0,0,0,0,7,높음,창원 이혼 변호사
안산이혼상담,10,10,20,0,1.6,0,8.75,7,높음,창원 이혼 변호사
부산이혼소송상담,10,10,20,0,0,0,0,7,높음,창원 이혼 변호사
부산이혼전문변호사추천,< 10,< 10,20,0,0,0,0,0,낮음,창원 이혼 변호사
안양학폭변호사,< 10,10,20,0,0.6,0,5,7,높음,창원 이혼 변호사
이혼전문변호사사무실,< 10,10,20,0,0.2,0,1.43,7,높음,창원 이혼 변호사
안산이혼소송,< 10,< 10,20,0,0.4,0,6.67,7,높음,창원 이혼 변호사
부산상간남소송,10,10,20,0.1,0,0.96,0,7,높음,창원 이혼 변호사
춘천상속변호사,< 10,10,20,0,0.9,0,8.52,7,높음,창원 이혼 변호사 | 창원 변호사
목포이혼변호사,< 10,10,20,0,0.6,0,3.34,7,높음,창원 이혼 변호사
속초이혼전문변호사,< 10,< 10,20,0,0,0,0,0,낮음,창원 이혼 변호사
부천이혼상담,< 10,10,20,0,0.6,0,4.06,7,높음,창원 이혼 변호사
마포이혼변호사,< 10,10,20,0,1.6,0,12.31,7,높음,창원 이혼 변호사
이혼반소,< 10,< 10,20,0,0,0,0,6,중간,창원 이혼 변호사
김해상간소송,< 10,< 10,20,0,0,0,0,6,중간,창원 이혼 변호사
청주상간녀소송,< 10,< 10,20,0.2,0.2,5,2.23,7,높음,창원 이혼 변호사
천안이혼전문,< 10,10,20,0.2,0.6,2.5,5.56,10,높음,창원 이혼 변호사
수원이혼전문로펌,< 10,< 10,20,0,0,0,0,7,높음,창원 이혼 변호사
대전이혼변호사추천,< 10,< 10,20,0,0,0,0,0,낮음,창원 이혼 변호사
화성이혼전문변호사,< 10,< 10,20,0,0.2,0,3.34,7,높음,창원 이혼 변호사
대구상간남소송변호사,< 10,< 10,20,0,0.7,0,16.67,7,높음,창원 이혼 변호사
안양이혼,< 10,10,20,0,0,0,0,7,높음,창원 이혼 변호사 | 재산분할 변호사
대구가사변호사,10,< 10,20,0,0.6,0,7.15,7,높음,창원 이혼 변호사
울산이혼전문,10,10,20,0.9,0.2,6.6,1.34,7,높음,창원 이혼 변호사
분당법무법인,< 10,10,20,0.1,0.6,2.39,4,7,높음,창원 이혼 변호사
부산가사변호사,< 10,10,20,0,1,0,8.34,7,높음,창원 이혼 변호사 | 창원 변호사
수원이혼소송,10,10,20,0,1.2,0,9.24,7,높음,창원 이혼 변호사
부천사기죄변호사,10,10,20,0,0.2,0,1.18,7,높음,창원 이혼 변호사
인천이혼변호사상담,10,< 10,20,0,0,0,0,7,높음,창원 이혼 변호사
대전상간남소송,< 10,< 10,20,0,0.4,0,13.34,7,높음,창원 이혼 변호사
안산대여금변호사,< 10,< 10,20,0,0,0,0,7,높음,창원 이혼 변호사
가사소송인지대,< 10,< 10,20,0,0,0,0,3,높음,창원 이혼 변호사
부산부동산법무법인,< 10,< 10,20,0,0,0,0,7,높음,창원 이혼 변호사
울산이혼소송,10,10,20,0.1,0.4,0.96,3.64,7,높음,창원 이혼 변호사
광주이혼소송,10,10,20,0,1.6,0,10.67,7,높음,창원 이혼 변호사
대구여성변호사,< 10,10,20,0,1.5,0,12.5,7,높음,창원 이혼 변호사
청주이혼소송,< 10,10,20,0,0.4,0,3.64,10,높음,창원 이혼 변호사
이혼사건,< 10,10,20,0,0,0,0,7,높음,창원 이혼 변호사 | 재산분할 변호사
상속세신고대행수수료,< 10,10,20,0,0.3,0,2.64,7,높음,창원 이혼 변호사
창원강력변호사,< 10,< 10,20,0,0,0,0,0,낮음,창원 강력 변호사
마약전담변호사,10,10,20,0,0.2,0,2,7,높음,마약 변호사
마약로펌,< 10,< 10,20,0,0,0,0,7,높음,마약 변호사
대마변호사,< 10,< 10,20,0,0.4,0,10,7,높음,마약 변호사
마약변호사선임비용,< 10,< 10,20,0,0,0,0,7,높음,마약 변호사
마약밀수변호사,< 10,< 10,20,0,1,0,14.29,3,높음,마약 변호사
마약범죄변호사,< 10,< 10,20,0,0,0,0,7,높음,마약 변호사
마약류관리지침,10,< 10,20,0,0.2,0,2.23,7,높음,마약 변호사
마약변호사비용,< 10,10,20,0,0.4,0,3.34,7,높음,마약 변호사
향정신성의약품관리법,10,< 10,20,0,0,0,0,7,높음,마약 변호사
부산산업재해,< 10,10,20,0,0,0,0,3,높음,창원 형사 변호사 | 창원 변호사
YK수원,< 10,10,20,0,0.3,0,2.28,7,높음,창원 형사 변호사
법무법인와이케이수원,< 10,< 10,20,0,0.7,0,18.19,2,낮음,창원 형사 변호사
수원가맹거래사,10,10,20,0.1,0.3,1.43,2.09,7,높음,창원 형사 변호사
부산조세전문변호사,< 10,10,20,0.1,1.5,3.58,9.73,7,높음,창원 형사 변호사
대구행정소송,< 10,< 10,20,0,1.2,0,16.67,7,높음,창원 형사 변호사 | 창원 변호사
창원폭행변호사,< 10,< 10,20,0,0,0,0,7,높음,창원 폭행 변호사
창원절도변호사,< 10,< 10,20,0,1,0,50,7,높음,창원 절도 변호사
사이버명예훼손변호사,< 10,10,20,0,0.4,0,3.64,7,높음,사이버 명예훼손 변호사 | 모욕죄 변호사
모욕죄변호사비용,< 10,10,20,0,0.5,0,4.17,7,높음,사이버 명예훼손 변호사 | 모욕죄 변호사
명예훼손탄원서,< 10,< 10,20,0,0.3,0,4.77,7,높음,사이버 명예훼손 변호사 | 모욕죄 변호사
온라인게임고소,< 10,< 10,20,0,0,0,0,7,높음,사이버 명예훼손 변호사 | 모욕죄 변호사
명예훼손죄고소장,< 10,10,20,0,0,0,0,7,높음,사이버 명예훼손 변호사 | 모욕죄 변호사
명예훼손법무법인,< 10,< 10,20,0,0.2,0,5,7,높음,사이버 명예훼손 변호사 | 모욕죄 변호사
명예훼손전문,< 10,< 10,20,0,0.9,0,9.53,7,높음,사이버 명예훼손 변호사 | 모욕죄 변호사
모욕죄고소하는법,< 10,< 10,20,0,0,0,0,7,높음,사이버 명예훼손 변호사 | 모욕죄 변호사
명예훼손무죄,< 10,< 10,20,0,0,0,0,7,높음,사이버 명예훼손 변호사 | 모욕죄 변호사
기업명예훼손,< 10,10,20,0.1,0,2.86,0,7,높음,사이버 명예훼손 변호사 | 모욕죄 변호사
명예훼손법률상담,< 10,10,20,0.3,0.6,3.58,6,7,높음,사이버 명예훼손 변호사 | 모욕죄 변호사
전주명예훼손변호사,< 10,< 10,20,0,0,0,0,0,낮음,사이버 명예훼손 변호사 | 모욕죄 변호사
SNS허위사실유포,< 10,< 10,20,0,0,0,0,7,높음,사이버 명예훼손 변호사 | 모욕죄 변호사
과실치상고소,10,10,20,0,0,0,0,7,높음,사이버 명예훼손 변호사 | 모욕죄 변호사
배임횡령변호사,< 10,< 10,20,0.1,1.6,2.39,17.78,7,높음,사이버 명예훼손 변호사 | 모욕죄 변호사
형사고소상담,< 10,< 10,20,0,0.2,0,2.23,7,높음,사이버 명예훼손 변호사 | 모욕죄 변호사
위장전입변호사,< 10,< 10,20,0,0,0,0,7,높음,사이버 명예훼손 변호사 | 모욕죄 변호사
악플고소변호사,< 10,< 10,20,0,0.5,0,7.7,0,낮음,사이버 명예훼손 변호사
판사출신,< 10,< 10,20,0,0,0,0,0,낮음,모욕죄 변호사
형사소송양식,< 10,< 10,20,0.2,0,2.33,0,6,중간,모욕죄 변호사
이혼재산분할요점정리,< 10,< 10,20,0,0,0,0,7,높음,재산분할 변호사
민법상이혼사유,< 10,10,20,0,0,0,0,7,높음,재산분할 변호사
양육비조정신청서,10,< 10,20,0,0.3,0,3.58,7,높음,재산분할 변호사
이혼법률,< 10,10,20,0,0,0,0,7,높음,재산분할 변호사
재산변호사,< 10,10,20,0,0.2,0,2.28,7,높음,재산분할 변호사
재산분할계약서,< 10,< 10,20,0,0,0,0,7,높음,재산분할 변호사
상속재산협의분할계약서,10,< 10,20,0,0,0,0,7,높음,재산분할 변호사
상속협의분할서양식,< 10,< 10,20,0,0,0,0,7,높음,재산분할 변호사
상속재산분할심판청구서,10,< 10,20,0,0,0,0,7,높음,재산분할 변호사
유책배우자의이혼청구,< 10,< 10,20,0,0,0,0,7,높음,재산분할 변호사
이혼서류신청서,< 10,10,20,0,0,0,0,7,높음,재산분할 변호사
상속소송전문변호사,< 10,< 10,20,0,0.5,0,16.67,7,높음,재산분할 변호사
이혼플래너,< 10,< 10,20,0,0,0,0,0,낮음,재산분할 변호사
법률사무소홈페이지,10,< 10,20,0.4,0,4.29,0,7,높음,재산분할 변호사
이혼변호사추천,< 10,< 10,20,0,0,0,0,0,낮음,재산분할 변호사
국제결혼이혼소송,10,10,20,0.1,0.4,1.3,2.86,7,높음,재산분할 변호사
이혼가정상담,< 10,< 10,20,0,0,0,0,7,높음,재산분할 변호사
조정이혼전문변호사,< 10,< 10,20,0,0,0,0,7,높음,재산분할 변호사
이혼합의각서,< 10,< 10,20,0.1,0,7.15,0,7,높음,재산분할 변호사
가사법전문변호사,10,10,20,0,0.6,0,6,7,높음,재산분할 변호사
이혼답변서,10,< 10,20,0,0,0,0,7,높음,재산분할 변호사
재판이혼무료상담,< 10,< 10,20,0,0.5,0,5.41,7,높음,재산분할 변호사
이혼의효과,< 10,< 10,20,0,0,0,0,0,낮음,재산분할 변호사
가족법전문변호사,< 10,< 10,20,0,0,0,0,0,낮음,재산분할 변호사
YK창원,< 10,10,20,0,0.3,0,2.64,7,높음,창원 변호사
법무법인와이케이창원,< 10,< 10,20,0,0,0,0,2,중간,창원 변호사
창원YK,< 10,10,20,0.4,2.1,5.72,15,5,중간,창원 변호사
통영이혼전문변호사,< 10,10,20,0,1.8,0,10.59,10,높음,창원 변호사
통영부동산전문변호사,< 10,< 10,20,0,0.3,0,12.5,4,중간,창원 변호사
울산민사소송,< 10,< 10,20,0,0.8,0,10,0,낮음,창원 변호사
군포변호사,< 10,10,20,0,0.2,0,1.25,7,높음,창원 변호사
오송변호사,< 10,10,20,0,0,0,0,2,중간,창원 변호사
청주판사출신변호사,< 10,< 10,20,0,0,0,0,0,낮음,창원 변호사
채시호변호사,< 10,10,20,1,1,25,16.67,1,중간,창원 변호사
부천로펌,10,10,20,0,0.2,0,2,10,높음,창원 변호사
권구배변호사,< 10,10,20,0,0,0,0,0,낮음,창원 변호사
부산시변호사,< 10,< 10,20,0,0,0,0,7,높음,창원 변호사
부산사하구변호사,10,10,20,0,0.5,0,5.56,7,높음,창원 변호사
부산남구변호사,< 10,< 10,20,0.3,0.5,4.77,7.15,7,높음,창원 변호사
부산법원변호사,< 10,10,20,0,0.3,0,2.5,7,높음,창원 변호사
사상변호사,< 10,10,20,0,0,0,0,7,높음,창원 변호사
양산법무법인,< 10,10,20,0.3,1,9.53,6.56,7,높음,창원 변호사
부산변호사추천,< 10,< 10,20,0,0,0,0,0,낮음,창원 변호사
대전판사출신변호사,< 10,< 10,20,0,0,0,0,0,낮음,창원 변호사
전주판사출신변호사,< 10,< 10,20,0,0,0,0,0,낮음,창원 변호사
센텀시티변호사,< 10,< 10,20,0,0,0,0,7,높음,창원 변호사
안산검사출신변호사,< 10,< 10,20,0,0,0,0,0,낮음,창원 변호사
울산형사사건변호사,< 10,10,20,0.3,1.8,7.15,10.59,7,높음,창원 변호사
부산한정승인변호사,10,< 10,20,0,0,0,0,5,중간,창원 변호사
의정부변호사추천,< 10,< 10,20,0,0,0,0,0,낮음,창원 변호사
의정부지방법원변호사,< 10,10,20,0,0,0,0,7,높음,창원 변호사
센텀변호사,10,10,20,0,0,0,0,7,높음,창원 변호사
권석현변호사,< 10,10,20,0,0,0,0,0,낮음,창원 변호사
울산법무법인YK,< 10,10,20,0,0.3,0,1.57,7,높음,창원 변호사
절도고소장,< 10,< 10,20,0,0,0,0,6,중간,창원 변호사
부산사기죄,< 10,< 10,20,0,0,0,0,5,중간,창원 변호사
의정부형사사건변호사,< 10,< 10,20,0,0,0,0,7,높음,창원 변호사
평택로펌,< 10,10,20,0,0.8,0,5.34,7,높음,창원 변호사
변호사후불,< 10,10,20,0,0,0,0,7,높음,창원 변호사
의성변호사,10,10,20,0,0.8,0,5.34,7,높음,창원 변호사
부산도박변호사,< 10,< 10,20,0,0.3,0,12.5,7,높음,창원 변호사
의정부변호사사무소,< 10,< 10,20,0,0.6,0,8.11,7,높음,창원 변호사
포천법률사무소,< 10,10,20,0,0.3,0,1.67,7,높음,창원 변호사
여수형사변호사,< 10,10,20,0,0,0,0,7,높음,창원 변호사
여수법률사무소,< 10,10,20,0.3,0.5,3.71,2.64,7,높음,창원 변호사
대구경찰출신변호사,< 10,< 10,20,0,0,0,0,0,낮음,창원 변호사
안산로펌,10,10,20,0,0.2,0,1.52,7,높음,창원 변호사
양양변호사,< 10,10,20,0,0.8,0,7.7,7,높음,창원 변호사
평택법원변호사,< 10,10,20,0,1.8,0,11.67,7,높음,창원 변호사
인천변호사추천,< 10,< 10,20,0,0,0,0,0,낮음,창원 변호사
법무법인와이케이원주,< 10,10,20,0,0,0,0,2,중간,창원 변호사
안동시변호사,< 10,10,20,0,0,0,0,7,높음,창원 변호사
전북변호사,< 10,< 10,20,0,0.8,0,10.72,7,높음,창원 변호사
시흥변호사사무실,< 10,10,20,0,0,0,0,7,높음,창원 변호사
화성법률사무소,< 10,10,20,0,0,0,0,7,높음,창원 변호사
여수시변호사,10,10,20,0,0.8,0,10.53,6,중간,창원 변호사
광주검사출신변호사,< 10,< 10,20,0,0,0,0,0,낮음,창원 변호사
순천상속전문변호사,< 10,< 10,20,0.4,0.3,40,7.15,5,중간,창원 변호사
동두천법률사무소,< 10,10,20,0,1,0,5.89,7,높음,창원 변호사
상주시변호사,< 10,10,20,0,0.3,0,1.32,7,높음,창원 변호사
광명법률사무소,10,10,20,0,0.8,0,5.34,7,높음,창원 변호사
부천민사소송,< 10,< 10,20,0,0,0,0,0,낮음,창원 변호사
부천전세사기변호사,10,10,20,0.3,0,1.69,0,7,높음,창원 변호사
광명법무법인,10,10,20,0,0.4,0,2.36,7,높음,창원 변호사
광주판사출신변호사,< 10,< 10,20,0,0,0,0,0,낮음,창원 변호사
구리법무법인,< 10,< 10,20,0,0,0,0,0,낮음,창원 변호사
인천지방법원변호사,10,< 10,20,0.3,0.2,2.86,2.23,7,높음,창원 변호사
대전형사소송변호사,10,< 10,20,0.4,0,2.68,0,7,높음,창원 변호사
청주변호사추천,< 10,< 10,20,0,0,0,0,0,낮음,창원 변호사
춘천로펌,< 10,10,20,0,0.8,0,6.82,7,높음,창원 변호사
춘천이혼상담,< 10,< 10,20,0.1,0,2.86,0,7,높음,창원 변호사
평택교통사고변호사,< 10,10,20,0.1,0.4,2.05,2.36,7,높음,창원 변호사
춘천법률상담,< 10,10,20,0,0.5,0,4.55,7,높음,창원 변호사
수원변호사추천,< 10,< 10,20,0,0,0,0,0,낮음,창원 변호사
평택변호사추천,< 10,< 10,20,0,0,0,0,0,낮음,창원 변호사
수원시변호사,10,< 10,20,0.1,0.6,1,10.72,10,높음,창원 변호사
춘천민사전문변호사,10,10,20,0,0,0,0,4,중간,창원 변호사
윤주민법률사무소,< 10,10,20,0,0,0,0,0,낮음,창원 변호사
춘천시변호사,10,< 10,20,0.6,0,5.72,0,7,높음,창원 변호사
대구여자변호사,10,< 10,20,0.6,0.8,5.2,12.5,7,높음,창원 변호사
김천변호사사무실,< 10,10,20,0,0.3,0,2.71,7,높음,창원 변호사
대구동구변호사,< 10,< 10,20,0,0,0,0,7,높음,창원 변호사
용인시변호사,< 10,10,20,0.1,1,2.05,10,7,높음,창원 변호사
인천법원변호사,< 10,10,20,0,1,0,7.47,7,높음,창원 변호사
부천변호사추천,< 10,< 10,20,0,0,0,0,0,낮음,창원 변호사
대전변호사추천,< 10,< 10,20,0,0,0,0,0,낮음,창원 변호사
수원전관변호사,< 10,< 10,20,0,0,0,0,0,낮음,창원 변호사
예산변호사,10,10,20,0,1,0,9.68,6,중간,창원 변호사
평택사기변호사,< 10,< 10,20,0.1,0.8,2.05,11.43,7,높음,창원 변호사
울산명도소송,< 10,< 10,20,0,1,0,16.67,7,높음,창원 변호사
익산법무법인,< 10,10,20,0,1.3,0,6.58,7,중간,창원 변호사
달성군변호사,< 10,10,20,0.1,0.8,2.86,6.82,7,높음,창원 변호사
부천검사출신변호사,< 10,< 10,20,0,0,0,0,0,낮음,창원 변호사
전주변호사추천,< 10,< 10,20,0,0,0,0,0,낮음,창원 변호사
가평변호사,< 10,10,20,0,0,0,0,7,높음,창원 변호사
수원건설전문변호사,10,< 10,20,0.1,0,1.43,0,7,높음,창원 변호사